name,season,age,team,games,wins,losses,gabv_500,po_games,po_wins,po_losses
Rick Adelman,1988-89,42,POR,35,14,21,-3.5,3,0,3
Rick Adelman,1989-90,43,POR,82,59,23,18.0,21,12,9
Rick Adelman,1990-91,44,POR,82,63,19,22.0,16,9,7
Rick Adelman,1991-92,45,POR,82,57,25,16.0,21,13,8
Rick Adelman,1992-93,46,POR,82,51,31,10.0,4,1,3
Rick Adelman,1993-94,47,POR,82,47,35,6.0,4,1,3
Rick Adelman,1995-96,49,GSW,82,36,46,-5.0,"","",""
Rick Adelman,1996-97,50,GSW,82,30,52,-11.0,"","",""
Rick Adelman,1998-99,52,SAC,50,27,23,2.0,5,2,3
Rick Adelman,1999-00,53,SAC,82,44,38,3.0,5,2,3
Rick Adelman,2000-01,54,SAC,82,55,27,14.0,8,3,5
Rick Adelman,2001-02,55,SAC,82,61,21,20.0,16,10,6
Rick Adelman,2002-03,56,SAC,82,59,23,18.0,12,7,5
Rick Adelman,2003-04,57,SAC,82,55,27,14.0,12,7,5
Rick Adelman,2004-05,58,SAC,82,50,32,9.0,5,1,4
Rick Adelman,2005-06,59,SAC,82,44,38,3.0,6,2,4
Rick Adelman,2007-08,61,HOU,82,55,27,14.0,6,2,4
Rick Adelman,2008-09,62,HOU,82,53,29,12.0,13,7,6
Rick Adelman,2009-10,63,HOU,82,42,40,1.0,"","",""
Rick Adelman,2010-11,64,HOU,82,43,39,2.0,"","",""
Rick Adelman,2011-12,65,MIN,66,26,40,-7.0,0,0,0
Rick Adelman,2012-13,66,MIN,82,31,51,-10.0,0,0,0
Rick Adelman,2013-14,67,MIN,82,40,42,-1.0,0,0,0
Richie Adubato,1979-80,42,DET,70,12,58,-23.0,"","",""
Richie Adubato,1989-90,52,DAL,71,42,29,6.5,3,0,3
Richie Adubato,1990-91,53,DAL,82,28,54,-13.0,"","",""
Richie Adubato,1991-92,54,DAL,82,22,60,-19.0,"","",""
Richie Adubato,1992-93,55,DAL,29,2,27,-12.5,"","",""
Richie Adubato,1996-97,59,ORL,33,21,12,4.5,5,2,3
Danny Ainge,1996-97,37,PHO,74,40,34,3.0,5,2,3
Danny Ainge,1997-98,38,PHO,82,56,26,15.0,4,1,3
Danny Ainge,1998-99,39,PHO,50,27,23,2.0,3,0,3
Danny Ainge,1999-00,40,PHO,20,13,7,3.0,"","",""
Stan Albeck,1979-80,48,CLE,82,37,45,-4.0,"","",""
Stan Albeck,1980-81,49,SAS,82,52,30,11.0,7,3,4
Stan Albeck,1981-82,50,SAS,82,48,34,7.0,9,4,5
Stan Albeck,1982-83,51,SAS,82,53,29,12.0,11,6,5
Stan Albeck,1983-84,52,NJN,82,45,37,4.0,11,5,6
Stan Albeck,1984-85,53,NJN,82,42,40,1.0,3,0,3
Stan Albeck,1985-86,54,CHI,82,30,52,-11.0,3,0,3
Al Attles,1969-70,33,SFW,30,8,22,-7.0,"","",""
Al Attles,1970-71,34,SFW,82,41,41,0.0,5,1,4
Al Attles,1971-72,35,GSW,82,51,31,10.0,5,1,4
Al Attles,1972-73,36,GSW,82,47,35,6.0,11,5,6
Al Attles,1973-74,37,GSW,82,44,38,3.0,"","",""
Al Attles,1974-75,38,GSW,82,48,34,7.0,17,12,5
Al Attles,1975-76,39,GSW,82,59,23,18.0,13,7,6
Al Attles,1976-77,40,GSW,82,46,36,5.0,10,5,5
Al Attles,1977-78,41,GSW,82,43,39,2.0,"","",""
Al Attles,1978-79,42,GSW,82,38,44,-3.0,"","",""
Al Attles,1979-80,43,GSW,61,18,43,-12.5,"","",""
Al Attles,1980-81,44,GSW,82,39,43,-2.0,"","",""
Al Attles,1981-82,45,GSW,82,45,37,4.0,"","",""
Al Attles,1982-83,46,GSW,82,30,52,-11.0,"","",""
Red Auerbach,1949-50,32,TRI,57,28,29,-0.5,3,1,2
Red Auerbach,1950-51,33,BOS,69,39,30,4.5,2,0,2
Red Auerbach,1951-52,34,BOS,66,39,27,6.0,3,1,2
Red Auerbach,1952-53,35,BOS,71,46,25,10.5,6,3,3
Red Auerbach,1953-54,36,BOS,72,42,30,6.0,6,2,4
Red Auerbach,1954-55,37,BOS,72,36,36,0.0,7,3,4
Red Auerbach,1955-56,38,BOS,72,39,33,3.0,3,1,2
Red Auerbach,1956-57,39,BOS,72,44,28,8.0,10,7,3
Red Auerbach,1957-58,40,BOS,72,49,23,13.0,11,6,5
Red Auerbach,1958-59,41,BOS,72,52,20,16.0,11,8,3
Red Auerbach,1959-60,42,BOS,75,59,16,21.5,13,8,5
Red Auerbach,1960-61,43,BOS,79,57,22,17.5,10,8,2
Red Auerbach,1961-62,44,BOS,80,60,20,20.0,14,8,6
Red Auerbach,1962-63,45,BOS,80,58,22,18.0,13,8,5
Red Auerbach,1963-64,46,BOS,80,59,21,19.0,10,8,2
Red Auerbach,1964-65,47,BOS,80,62,18,22.0,12,8,4
Red Auerbach,1965-66,48,BOS,80,54,26,14.0,17,11,6
Randy Ayers,2003-04,47,PHI,52,21,31,-5.0,"","",""
Johnny Bach,1979-80,55,GSW,21,6,15,-4.5,"","",""
Johnny Bach,1983-84,59,GSW,82,37,45,-4.0,"","",""
Johnny Bach,1984-85,60,GSW,82,22,60,-19.0,"","",""
Johnny Bach,1985-86,61,GSW,82,30,52,-11.0,"","",""
Ed Badger,1976-77,44,CHI,82,44,38,3.0,3,1,2
Ed Badger,1977-78,45,CHI,82,40,42,-1.0,"","",""
Cliff Barker,1949-50,29,INO,64,39,25,7.0,6,3,3
Cliff Barker,1950-51,30,INO,56,24,32,-4.0,"","",""
Tony Barone,2006-07,60,MEM,52,16,36,-10.0,"","",""
Tom Barrise,2009-10,"",NJN,2,0,2,-1.0,"","",""
Bob Bass,1979-80,51,SAS,16,8,8,0.0,3,1,2
Bob Bass,1983-84,55,SAS,51,26,25,0.5,"","",""
Bob Bass,1991-92,63,SAS,44,26,18,4.0,3,0,3
Elgin Baylor,1974-75,40,NOJ,1,0,1,-0.5,"","",""
Elgin Baylor,1976-77,42,NOJ,56,21,35,-7.0,"","",""
Elgin Baylor,1977-78,43,NOJ,82,39,43,-2.0,"","",""
Elgin Baylor,1978-79,44,NOJ,82,26,56,-15.0,"","",""
Butch Beard,1994-95,47,NJN,82,30,52,-11.0,"","",""
Butch Beard,1995-96,48,NJN,82,30,52,-11.0,"","",""
Clair Bee,1952-53,56,BLB,67,16,51,-17.5,2,0,2
Clair Bee,1953-54,57,BLB,72,16,56,-20.0,"","",""
Bill Berry,2001-02,"",CHI,2,0,2,-1.0,"","",""
Al Bianchi,1967-68,35,SEA,82,23,59,-18.0,"","",""
Al Bianchi,1968-69,36,SEA,82,30,52,-11.0,"","",""
Bernie Bickerstaff,1985-86,41,SEA,82,31,51,-10.0,"","",""
Bernie Bickerstaff,1986-87,42,SEA,82,39,43,-2.0,14,7,7
Bernie Bickerstaff,1987-88,43,SEA,82,44,38,3.0,5,2,3
Bernie Bickerstaff,1988-89,44,SEA,82,47,35,6.0,8,3,5
Bernie Bickerstaff,1989-90,45,SEA,82,41,41,0.0,"","",""
Bernie Bickerstaff,1994-95,50,DEN,32,20,12,4.0,3,0,3
Bernie Bickerstaff,1995-96,51,DEN,82,35,47,-6.0,"","",""
Bernie Bickerstaff,1996-97,52,DEN,13,4,9,-2.5,"","",""
Bernie Bickerstaff,1996-97,52,WSB,35,22,13,4.5,3,0,3
Bernie Bickerstaff,1997-98,53,WAS,82,42,40,1.0,"","",""
Bernie Bickerstaff,1998-99,54,WAS,32,13,19,-3.0,"","",""
Bernie Bickerstaff,2004-05,60,CHA,82,18,64,-23.0,"","",""
Bernie Bickerstaff,2005-06,61,CHA,82,26,56,-15.0,"","",""
Bernie Bickerstaff,2006-07,62,CHA,82,33,49,-8.0,"","",""
Bernie Bickerstaff,2012-13,68,LAL,5,4,1,1.5,"","",""
J.B. Bickerstaff,2015-16,36,HOU,71,37,34,1.5,5,1,4
Paul Birch,1951-52,42,FTW,66,29,37,-4.0,2,0,2
Paul Birch,1952-53,43,FTW,69,36,33,1.5,8,4,4
Paul Birch,1953-54,44,FTW,72,40,32,4.0,4,0,4
Larry Bird,1997-98,41,IND,82,58,24,17.0,16,10,6
Larry Bird,1998-99,42,IND,50,33,17,8.0,13,9,4
Larry Bird,1999-00,43,IND,82,56,26,15.0,23,13,10
Bill Blair,1982-83,40,NJN,6,2,4,-1.0,2,0,2
Bill Blair,1994-95,52,MIN,82,21,61,-20.0,"","",""
Bill Blair,1995-96,53,MIN,20,6,14,-4.0,"","",""
David Blatt,2014-15,55,CLE,82,53,29,12.0,20,14,6
David Blatt,2015-16,56,CLE,41,30,11,9.5,0,0,0
James Borrego,2014-15,"",ORL,30,10,20,-5.0,0,0,0
Vince Boryla,1955-56,28,NYK,21,9,12,-1.5,"","",""
Vince Boryla,1956-57,29,NYK,72,36,36,0.0,"","",""
Vince Boryla,1957-58,30,NYK,72,35,37,-1.0,"","",""
Jeff Bower,2009-10,48,NOH,73,34,39,-2.5,"","",""
Jim Boylan,2007-08,"",CHI,56,24,32,-4.0,"","",""
Jim Boylan,2012-13,"",MIL,50,22,28,-3.0,4,0,4
Carl Braun,1959-60,32,NYK,48,19,29,-5.0,"","",""
Carl Braun,1960-61,33,NYK,79,21,58,-18.5,"","",""
Allan Bristow,1991-92,40,CHH,82,31,51,-10.0,"","",""
Allan Bristow,1992-93,41,CHH,82,44,38,3.0,9,4,5
Allan Bristow,1993-94,42,CHH,82,41,41,0.0,"","",""
Allan Bristow,1994-95,43,CHH,82,50,32,9.0,4,1,3
Allan Bristow,1995-96,44,CHH,82,41,41,0.0,"","",""
Scott Brooks,2008-09,43,OKC,69,22,47,-12.5,"","",""
Scott Brooks,2009-10,44,OKC,82,50,32,9.0,6,2,4
Scott Brooks,2010-11,45,OKC,82,55,27,14.0,17,9,8
Scott Brooks,2011-12,46,OKC,66,47,19,14.0,20,13,7
Scott Brooks,2012-13,47,OKC,82,60,22,19.0,11,5,6
Scott Brooks,2013-14,48,OKC,82,59,23,18.0,19,10,9
Scott Brooks,2014-15,49,OKC,82,45,37,4.0,0,0,0
Jim Brovelli,1998-99,56,WAS,18,5,13,-4.0,"","",""
Brett Brown,2013-14,"",PHI,82,19,63,-22.0,0,0,0
Brett Brown,2014-15,"",PHI,82,18,64,-23.0,0,0,0
Brett Brown,2015-16,"",PHI,82,10,72,-31.0,0,0,0
Herb Brown,1975-76,39,DET,40,19,21,-1.0,9,4,5
Herb Brown,1976-77,40,DET,82,44,38,3.0,3,1,2
Herb Brown,1977-78,41,DET,24,9,15,-3.0,"","",""
Hubie Brown,1976-77,43,ATL,82,31,51,-10.0,"","",""
Hubie Brown,1977-78,44,ATL,82,41,41,0.0,2,0,2
Hubie Brown,1978-79,45,ATL,82,46,36,5.0,9,5,4
Hubie Brown,1979-80,46,ATL,82,50,32,9.0,5,1,4
Hubie Brown,1980-81,47,ATL,79,31,48,-8.5,"","",""
Hubie Brown,1982-83,49,NYK,82,44,38,3.0,6,2,4
Hubie Brown,1983-84,50,NYK,82,47,35,6.0,12,6,6
Hubie Brown,1984-85,51,NYK,82,24,58,-17.0,"","",""
Hubie Brown,1985-86,52,NYK,82,23,59,-18.0,"","",""
Hubie Brown,1986-87,53,NYK,16,4,12,-4.0,"","",""
Hubie Brown,2002-03,69,MEM,74,28,46,-9.0,"","",""
Hubie Brown,2003-04,70,MEM,82,50,32,9.0,4,0,4
Hubie Brown,2004-05,71,MEM,12,5,7,-1.0,"","",""
Larry Brown,1976-77,36,DEN,82,50,32,9.0,6,2,4
Larry Brown,1977-78,37,DEN,82,48,34,7.0,13,6,7
Larry Brown,1978-79,38,DEN,53,28,25,1.5,"","",""
Larry Brown,1981-82,41,NJN,82,44,38,3.0,2,0,2
Larry Brown,1982-83,42,NJN,76,47,29,9.0,"","",""
Larry Brown,1988-89,48,SAS,82,21,61,-20.0,"","",""
Larry Brown,1989-90,49,SAS,82,56,26,15.0,10,6,4
Larry Brown,1990-91,50,SAS,82,55,27,14.0,4,1,3
Larry Brown,1991-92,51,SAS,38,21,17,2.0,"","",""
Larry Brown,1991-92,51,LAC,35,23,12,5.5,5,2,3
Larry Brown,1992-93,52,LAC,82,41,41,0.0,5,2,3
Larry Brown,1993-94,53,IND,82,47,35,6.0,16,10,6
Larry Brown,1994-95,54,IND,82,52,30,11.0,17,10,7
Larry Brown,1995-96,55,IND,82,52,30,11.0,5,2,3
Larry Brown,1996-97,56,IND,82,39,43,-2.0,"","",""
Larry Brown,1997-98,57,PHI,82,31,51,-10.0,"","",""
Larry Brown,1998-99,58,PHI,50,28,22,3.0,8,3,5
Larry Brown,1999-00,59,PHI,82,49,33,8.0,10,5,5
Larry Brown,2000-01,60,PHI,82,56,26,15.0,23,12,11
Larry Brown,2001-02,61,PHI,82,43,39,2.0,5,2,3
Larry Brown,2002-03,62,PHI,82,48,34,7.0,12,6,6
Larry Brown,2003-04,63,DET,82,54,28,13.0,23,16,7
Larry Brown,2004-05,64,DET,82,54,28,13.0,25,15,10
Larry Brown,2005-06,65,NYK,82,23,59,-18.0,"","",""
Larry Brown,2008-09,68,CHA,82,35,47,-6.0,"","",""
Larry Brown,2009-10,69,CHA,82,44,38,3.0,4,0,4
Larry Brown,2010-11,70,CHA,28,9,19,-5.0,"","",""
Mike Brown,2005-06,35,CLE,82,50,32,9.0,13,7,6
Mike Brown,2006-07,36,CLE,82,50,32,9.0,20,12,8
Mike Brown,2007-08,37,CLE,82,45,37,4.0,13,7,6
Mike Brown,2008-09,38,CLE,82,66,16,25.0,14,10,4
Mike Brown,2009-10,39,CLE,82,61,21,20.0,11,6,5
Mike Brown,2011-12,41,LAL,66,41,25,8.0,12,5,7
Mike Brown,2012-13,42,LAL,5,1,4,-1.5,"","",""
Mike Brown,2013-14,43,CLE,82,33,49,-8.0,0,0,0
Tony Brown,2015-16,55,BRK,45,11,34,-11.5,0,0,0
Philip Brownstein,1949-50,43,CHS,68,40,28,6.0,2,0,2
Quinn Buckner,1993-94,39,DAL,82,13,69,-28.0,"","",""
Bucky Buckwalter,1972-73,39,SEA,37,13,24,-5.5,"","",""
Mike Budenholzer,2013-14,44,ATL,82,38,44,-3.0,7,3,4
Mike Budenholzer,2014-15,45,ATL,82,60,22,19.0,16,8,8
Mike Budenholzer,2015-16,46,ATL,82,48,34,7.0,7,4,3
Walt Budko,1950-51,25,BLB,29,10,19,-4.5,"","",""
Donnie Butcher,1966-67,30,DET,8,2,6,-2.0,"","",""
Donnie Butcher,1967-68,31,DET,82,40,42,-1.0,6,2,4
Donnie Butcher,1968-69,32,DET,22,10,12,-1.0,"","",""
Jeff Bzdelik,2002-03,50,DEN,82,17,65,-24.0,"","",""
Jeff Bzdelik,2003-04,51,DEN,82,43,39,2.0,5,1,4
Jeff Bzdelik,2004-05,52,DEN,28,13,15,-1.0,"","",""
John Calipari,1996-97,37,NJN,82,26,56,-15.0,"","",""
John Calipari,1997-98,38,NJN,82,43,39,2.0,3,0,3
John Calipari,1998-99,39,NJN,20,3,17,-7.0,"","",""
Mack Calvin,1991-92,44,LAC,2,1,1,0.0,"","",""
Kaleb Canales,2011-12,"",POR,23,8,15,-3.5,0,0,0
P.J. Carlesimo,1994-95,45,POR,82,44,38,3.0,3,0,3
P.J. Carlesimo,1995-96,46,POR,82,44,38,3.0,5,2,3
P.J. Carlesimo,1996-97,47,POR,82,49,33,8.0,4,1,3
P.J. Carlesimo,1997-98,48,GSW,82,19,63,-22.0,"","",""
P.J. Carlesimo,1998-99,49,GSW,50,21,29,-4.0,"","",""
P.J. Carlesimo,1999-00,50,GSW,27,6,21,-7.5,"","",""
P.J. Carlesimo,2007-08,58,SEA,82,20,62,-21.0,"","",""
P.J. Carlesimo,2008-09,59,OKC,13,1,12,-5.5,"","",""
P.J. Carlesimo,2012-13,63,BRK,54,35,19,8.0,7,3,4
Rick Carlisle,2001-02,42,DET,82,50,32,9.0,10,4,6
Rick Carlisle,2002-03,43,DET,82,50,32,9.0,17,8,9
Rick Carlisle,2003-04,44,IND,82,61,21,20.0,16,10,6
Rick Carlisle,2004-05,45,IND,82,44,38,3.0,13,6,7
Rick Carlisle,2005-06,46,IND,82,41,41,0.0,6,2,4
Rick Carlisle,2006-07,47,IND,82,35,47,-6.0,"","",""
Rick Carlisle,2008-09,49,DAL,82,50,32,9.0,10,5,5
Rick Carlisle,2009-10,50,DAL,82,55,27,14.0,6,2,4
Rick Carlisle,2010-11,51,DAL,82,57,25,16.0,21,16,5
Rick Carlisle,2011-12,52,DAL,66,36,30,3.0,4,0,4
Rick Carlisle,2012-13,53,DAL,82,41,41,0.0,0,0,0
Rick Carlisle,2013-14,54,DAL,82,49,33,8.0,7,3,4
Rick Carlisle,2014-15,55,DAL,82,50,32,9.0,5,1,4
Rick Carlisle,2015-16,56,DAL,82,42,40,1.0,5,1,4
M.L. Carr,1995-96,45,BOS,82,33,49,-8.0,"","",""
M.L. Carr,1996-97,46,BOS,82,15,67,-26.0,"","",""
John Carroll,2003-04,"",BOS,36,14,22,-4.0,4,0,4
Butch Carter,1997-98,39,TOR,33,5,28,-11.5,"","",""
Butch Carter,1998-99,40,TOR,50,23,27,-2.0,"","",""
Butch Carter,1999-00,41,TOR,82,45,37,4.0,3,0,3
Fred Carter,1992-93,47,PHI,26,7,19,-6.0,"","",""
Fred Carter,1993-94,48,PHI,82,25,57,-16.0,"","",""
Bill Cartwright,2001-02,44,CHI,55,17,38,-10.5,"","",""
Bill Cartwright,2002-03,45,CHI,82,30,52,-11.0,"","",""
Bill Cartwright,2003-04,46,CHI,14,4,10,-3.0,"","",""
Don Casey,1988-89,"",LAC,44,11,33,-11.0,"","",""
Don Casey,1989-90,"",LAC,82,30,52,-11.0,"","",""
Don Casey,1998-99,"",NJN,30,13,17,-2.0,"","",""
Don Casey,1999-00,"",NJN,82,31,51,-10.0,"","",""
Dwane Casey,2005-06,48,MIN,82,33,49,-8.0,"","",""
Dwane Casey,2006-07,49,MIN,40,20,20,0.0,"","",""
Dwane Casey,2011-12,54,TOR,66,23,43,-10.0,0,0,0
Dwane Casey,2012-13,55,TOR,82,34,48,-7.0,0,0,0
Dwane Casey,2013-14,56,TOR,82,48,34,7.0,7,3,4
Dwane Casey,2014-15,57,TOR,82,49,33,8.0,4,0,4
Dwane Casey,2015-16,58,TOR,82,56,26,15.0,8,4,4
John Castellani,1959-60,"",MNL,36,11,25,-7.0,"","",""
Al Cervi,1949-50,32,SYR,64,51,13,19.0,11,6,5
Al Cervi,1950-51,33,SYR,66,32,34,-1.0,7,4,3
Al Cervi,1951-52,34,SYR,66,40,26,7.0,7,3,4
Al Cervi,1952-53,35,SYR,71,47,24,11.5,2,0,2
Al Cervi,1953-54,36,SYR,72,42,30,6.0,13,9,4
Al Cervi,1954-55,37,SYR,72,43,29,7.0,11,7,4
Al Cervi,1955-56,38,SYR,72,35,37,-1.0,8,4,4
Al Cervi,1956-57,39,SYR,12,4,8,-2.0,"","",""
Al Cervi,1958-59,41,PHW,72,32,40,-4.0,"","",""
Don Chaney,1984-85,38,LAC,21,9,12,-1.5,"","",""
Don Chaney,1985-86,39,LAC,82,32,50,-9.0,"","",""
Don Chaney,1986-87,40,LAC,82,12,70,-29.0,"","",""
Don Chaney,1988-89,42,HOU,82,45,37,4.0,4,1,3
Don Chaney,1989-90,43,HOU,82,41,41,0.0,4,1,3
Don Chaney,1990-91,44,HOU,82,52,30,11.0,3,0,3
Don Chaney,1991-92,45,HOU,52,26,26,0.0,"","",""
Don Chaney,1993-94,47,DET,82,20,62,-21.0,"","",""
Don Chaney,1994-95,48,DET,82,28,54,-13.0,"","",""
Don Chaney,2001-02,55,NYK,63,20,43,-11.5,"","",""
Don Chaney,2002-03,56,NYK,82,37,45,-4.0,"","",""
Don Chaney,2003-04,57,NYK,39,15,24,-4.5,"","",""
Maurice Cheeks,2001-02,45,POR,82,49,33,8.0,3,0,3
Maurice Cheeks,2002-03,46,POR,82,50,32,9.0,7,3,4
Maurice Cheeks,2003-04,47,POR,82,41,41,0.0,"","",""
Maurice Cheeks,2004-05,48,POR,55,22,33,-5.5,"","",""
Maurice Cheeks,2005-06,49,PHI,82,38,44,-3.0,"","",""
Maurice Cheeks,2006-07,50,PHI,82,35,47,-6.0,"","",""
Maurice Cheeks,2007-08,51,PHI,82,40,42,-1.0,6,2,4
Maurice Cheeks,2008-09,52,PHI,23,9,14,-2.5,"","",""
Maurice Cheeks,2013-14,57,DET,50,21,29,-4.0,0,0,0
Jim Cleamons,1996-97,47,DAL,82,24,58,-17.0,"","",""
Jim Cleamons,1997-98,48,DAL,16,4,12,-4.0,"","",""
Steve Clifford,2013-14,"",CHA,82,43,39,2.0,4,0,4
Steve Clifford,2014-15,"",CHO,82,33,49,-8.0,0,0,0
Steve Clifford,2015-16,"",CHO,82,48,34,7.0,7,3,4
Jerry Colangelo,1969-70,30,PHO,44,24,20,2.0,7,3,4
Jerry Colangelo,1972-73,33,PHO,75,35,40,-2.5,"","",""
Doug Collins,1986-87,35,CHI,82,40,42,-1.0,3,0,3
Doug Collins,1987-88,36,CHI,82,50,32,9.0,10,4,6
Doug Collins,1988-89,37,CHI,82,47,35,6.0,17,9,8
Doug Collins,1995-96,44,DET,82,46,36,5.0,3,0,3
Doug Collins,1996-97,45,DET,82,54,28,13.0,5,2,3
Doug Collins,1997-98,46,DET,45,21,24,-1.5,"","",""
Doug Collins,2001-02,50,WAS,82,37,45,-4.0,"","",""
Doug Collins,2002-03,51,WAS,82,37,45,-4.0,"","",""
Doug Collins,2010-11,59,PHI,82,41,41,0.0,5,1,4
Doug Collins,2011-12,60,PHI,66,35,31,2.0,13,7,6
Doug Collins,2012-13,61,PHI,82,34,48,-7.0,0,0,0
Michael Cooper,2004-05,48,DEN,14,4,10,-3.0,"","",""
Tyrone Corbin,2010-11,48,UTA,28,8,20,-6.0,"","",""
Tyrone Corbin,2011-12,49,UTA,66,36,30,3.0,4,0,4
Tyrone Corbin,2012-13,50,UTA,82,43,39,2.0,0,0,0
Tyrone Corbin,2013-14,51,UTA,82,25,57,-16.0,0,0,0
Tyrone Corbin,2014-15,52,SAC,28,7,21,-7.0,0,0,0
Larry Costello,1968-69,37,MIL,82,27,55,-14.0,"","",""
Larry Costello,1969-70,38,MIL,82,56,26,15.0,10,5,5
Larry Costello,1970-71,39,MIL,82,66,16,25.0,14,12,2
Larry Costello,1971-72,40,MIL,82,63,19,22.0,11,6,5
Larry Costello,1972-73,41,MIL,82,60,22,19.0,6,2,4
Larry Costello,1973-74,42,MIL,82,59,23,18.0,16,11,5
Larry Costello,1974-75,43,MIL,82,38,44,-3.0,"","",""
Larry Costello,1975-76,44,MIL,82,38,44,-3.0,3,1,2
Larry Costello,1976-77,45,MIL,18,3,15,-6.0,"","",""
Larry Costello,1978-79,47,CHI,56,20,36,-8.0,"","",""
Bob Cousy,1969-70,41,CIN,82,36,46,-5.0,"","",""
Bob Cousy,1970-71,42,CIN,82,33,49,-8.0,"","",""
Bob Cousy,1971-72,43,CIN,82,30,52,-11.0,"","",""
Bob Cousy,1972-73,44,KCO,82,36,46,-5.0,"","",""
Bob Cousy,1973-74,45,KCO,20,6,14,-4.0,"","",""
Dave Cowens,1978-79,30,BOS,68,27,41,-7.0,"","",""
Dave Cowens,1996-97,48,CHH,82,54,28,13.0,3,0,3
Dave Cowens,1997-98,49,CHH,82,51,31,10.0,9,4,5
Dave Cowens,1998-99,50,CHH,15,4,11,-3.5,"","",""
Dave Cowens,2000-01,52,GSW,82,17,65,-24.0,"","",""
Dave Cowens,2001-02,53,GSW,23,8,15,-3.5,"","",""
Billy Cunningham,1977-78,34,PHI,76,53,23,15.0,10,6,4
Billy Cunningham,1978-79,35,PHI,82,47,35,6.0,9,5,4
Billy Cunningham,1979-80,36,PHI,82,59,23,18.0,18,12,6
Billy Cunningham,1980-81,37,PHI,82,62,20,21.0,16,9,7
Billy Cunningham,1981-82,38,PHI,82,58,24,17.0,21,12,9
Billy Cunningham,1982-83,39,PHI,82,65,17,24.0,13,12,1
Billy Cunningham,1983-84,40,PHI,82,52,30,11.0,5,2,3
Billy Cunningham,1984-85,41,PHI,82,58,24,17.0,13,8,5
Michael Curry,2008-09,40,DET,82,39,43,-2.0,4,0,4
Mike D'Antoni,1998-99,47,DEN,50,14,36,-11.0,"","",""
Mike D'Antoni,2003-04,52,PHO,61,21,40,-9.5,"","",""
Mike D'Antoni,2004-05,53,PHO,82,62,20,21.0,15,9,6
Mike D'Antoni,2005-06,54,PHO,82,54,28,13.0,20,10,10
Mike D'Antoni,2006-07,55,PHO,82,61,21,20.0,11,6,5
Mike D'Antoni,2007-08,56,PHO,82,55,27,14.0,5,1,4
Mike D'Antoni,2008-09,57,NYK,82,32,50,-9.0,"","",""
Mike D'Antoni,2009-10,58,NYK,82,29,53,-12.0,"","",""
Mike D'Antoni,2010-11,59,NYK,82,42,40,1.0,4,0,4
Mike D'Antoni,2011-12,60,NYK,42,18,24,-3.0,"","",""
Mike D'Antoni,2012-13,61,LAL,72,40,32,4.0,4,0,4
Mike D'Antoni,2013-14,62,LAL,82,27,55,-14.0,0,0,0
Chuck Daly,1981-82,51,CLE,41,9,32,-11.5,"","",""
Chuck Daly,1983-84,53,DET,82,49,33,8.0,5,2,3
Chuck Daly,1984-85,54,DET,82,46,36,5.0,9,5,4
Chuck Daly,1985-86,55,DET,82,46,36,5.0,4,1,3
Chuck Daly,1986-87,56,DET,82,52,30,11.0,15,10,5
Chuck Daly,1987-88,57,DET,82,54,28,13.0,23,14,9
Chuck Daly,1988-89,58,DET,82,63,19,22.0,17,15,2
Chuck Daly,1989-90,59,DET,82,59,23,18.0,20,15,5
Chuck Daly,1990-91,60,DET,82,50,32,9.0,15,7,8
Chuck Daly,1991-92,61,DET,82,48,34,7.0,5,2,3
Chuck Daly,1992-93,62,NJN,82,43,39,2.0,5,2,3
Chuck Daly,1993-94,63,NJN,82,45,37,4.0,4,1,3
Chuck Daly,1997-98,67,ORL,82,41,41,0.0,"","",""
Chuck Daly,1998-99,68,ORL,50,33,17,8.0,4,1,3
Mel Daniels,1988-89,44,IND,2,0,2,-1.0,"","",""
Jimmy Darden,1949-50,27,DNN,62,11,51,-20.0,"","",""
Johnny Davis,1996-97,41,PHI,82,22,60,-19.0,"","",""
Johnny Davis,2003-04,48,ORL,71,20,51,-15.5,"","",""
Johnny Davis,2004-05,49,ORL,64,31,33,-1.0,"","",""
Johnny Davis,2008-09,53,MEM,2,0,2,-1.0,"","",""
Dave DeBusschere,1964-65,24,DET,69,29,40,-5.5,"","",""
Dave DeBusschere,1965-66,25,DET,80,22,58,-18.0,"","",""
Dave DeBusschere,1966-67,26,DET,73,28,45,-8.5,"","",""
Vinny Del Negro,2008-09,42,CHI,82,41,41,0.0,7,3,4
Vinny Del Negro,2009-10,43,CHI,82,41,41,0.0,5,1,4
Vinny Del Negro,2010-11,44,LAC,82,32,50,-9.0,"","",""
Vinny Del Negro,2011-12,45,LAC,66,40,26,7.0,11,4,7
Vinny Del Negro,2012-13,46,LAC,82,56,26,15.0,6,2,4
Don Delaney,1980-81,"",CLE,11,3,8,-2.5,"","",""
Don Delaney,1981-82,"",CLE,15,4,11,-3.5,"","",""
Tony DiLeo,2008-09,"",PHI,59,32,27,2.5,6,2,4
Terry Dischinger,1971-72,31,DET,2,0,2,-1.0,"","",""
Billy Donovan,2015-16,50,OKC,82,55,27,14.0,7,5,2
Eddie Donovan,1961-62,"",NYK,80,29,51,-11.0,"","",""
Eddie Donovan,1962-63,"",NYK,80,21,59,-19.0,"","",""
Eddie Donovan,1963-64,"",NYK,80,22,58,-18.0,"","",""
Eddie Donovan,1964-65,"",NYK,38,12,26,-7.0,"","",""
Larry Drew,2010-11,52,ATL,82,44,38,3.0,12,6,6
Larry Drew,2011-12,53,ATL,66,40,26,7.0,6,2,4
Larry Drew,2012-13,54,ATL,82,44,38,3.0,6,2,4
Larry Drew,2013-14,55,MIL,82,15,67,-26.0,0,0,0
Ike Duffey,1949-50,43,AND,3,1,2,-0.5,"","",""
Mike Dunlap,2012-13,55,CHA,82,21,61,-20.0,0,0,0
Mike Dunleavy,1990-91,36,LAL,82,58,24,17.0,19,12,7
Mike Dunleavy,1991-92,37,LAL,82,43,39,2.0,4,1,3
Mike Dunleavy,1992-93,38,MIL,82,28,54,-13.0,"","",""
Mike Dunleavy,1993-94,39,MIL,82,20,62,-21.0,"","",""
Mike Dunleavy,1994-95,40,MIL,82,34,48,-7.0,"","",""
Mike Dunleavy,1995-96,41,MIL,82,25,57,-16.0,"","",""
Mike Dunleavy,1997-98,43,POR,82,46,36,5.0,4,1,3
Mike Dunleavy,1998-99,44,POR,50,35,15,10.0,13,7,6
Mike Dunleavy,1999-00,45,POR,82,59,23,18.0,16,10,6
Mike Dunleavy,2000-01,46,POR,82,50,32,9.0,3,0,3
Mike Dunleavy,2003-04,49,LAC,82,28,54,-13.0,"","",""
Mike Dunleavy,2004-05,50,LAC,82,37,45,-4.0,"","",""
Mike Dunleavy,2005-06,51,LAC,82,47,35,6.0,12,7,5
Mike Dunleavy,2006-07,52,LAC,82,40,42,-1.0,"","",""
Mike Dunleavy,2007-08,53,LAC,82,23,59,-18.0,"","",""
Mike Dunleavy,2008-09,54,LAC,82,19,63,-22.0,"","",""
Mike Dunleavy,2009-10,55,LAC,49,21,28,-3.5,"","",""
Charles Eckman,1954-55,"",FTW,72,43,29,7.0,11,6,5
Charles Eckman,1955-56,"",FTW,72,37,35,1.0,10,4,6
Charles Eckman,1956-57,"",FTW,72,34,38,-2.0,2,0,2
Charles Eckman,1957-58,"",DET,25,9,16,-3.5,"","",""
Johnny Egan,1972-73,34,HOU,35,16,19,-1.5,"","",""
Johnny Egan,1973-74,35,HOU,82,32,50,-9.0,"","",""
Johnny Egan,1974-75,36,HOU,82,41,41,0.0,8,3,5
Johnny Egan,1975-76,37,HOU,82,40,42,-1.0,"","",""
Mike Evans,2001-02,46,DEN,56,18,38,-10.0,"","",""
Mike Farmer,1966-67,30,BAL,9,1,8,-3.5,"","",""
Bob Feerick,1949-50,30,WSC,68,32,36,-2.0,2,0,2
Bob Feerick,1962-63,43,SFW,80,31,49,-9.0,"","",""
Derek Fisher,2014-15,40,NYK,82,17,65,-24.0,0,0,0
Derek Fisher,2015-16,41,NYK,54,23,31,-4.0,0,0,0
Bill Fitch,1970-71,36,CLE,82,15,67,-26.0,"","",""
Bill Fitch,1971-72,37,CLE,82,23,59,-18.0,"","",""
Bill Fitch,1972-73,38,CLE,82,32,50,-9.0,"","",""
Bill Fitch,1973-74,39,CLE,82,29,53,-12.0,"","",""
Bill Fitch,1974-75,40,CLE,82,40,42,-1.0,"","",""
Bill Fitch,1975-76,41,CLE,82,49,33,8.0,13,6,7
Bill Fitch,1976-77,42,CLE,82,43,39,2.0,3,1,2
Bill Fitch,1977-78,43,CLE,82,43,39,2.0,2,0,2
Bill Fitch,1978-79,44,CLE,82,30,52,-11.0,"","",""
Bill Fitch,1979-80,45,BOS,82,61,21,20.0,9,5,4
Bill Fitch,1980-81,46,BOS,82,62,20,21.0,17,12,5
Bill Fitch,1981-82,47,BOS,82,63,19,22.0,12,7,5
Bill Fitch,1982-83,48,BOS,82,56,26,15.0,7,2,5
Bill Fitch,1983-84,49,HOU,82,29,53,-12.0,"","",""
Bill Fitch,1984-85,50,HOU,82,48,34,7.0,5,2,3
Bill Fitch,1985-86,51,HOU,82,51,31,10.0,20,13,7
Bill Fitch,1986-87,52,HOU,82,42,40,1.0,10,5,5
Bill Fitch,1987-88,53,HOU,82,46,36,5.0,4,1,3
Bill Fitch,1989-90,55,NJN,82,17,65,-24.0,"","",""
Bill Fitch,1990-91,56,NJN,82,26,56,-15.0,"","",""
Bill Fitch,1991-92,57,NJN,82,40,42,-1.0,4,1,3
Bill Fitch,1994-95,60,LAC,82,17,65,-24.0,"","",""
Bill Fitch,1995-96,61,LAC,82,29,53,-12.0,"","",""
Bill Fitch,1996-97,62,LAC,82,36,46,-5.0,3,0,3
Bill Fitch,1997-98,63,LAC,82,17,65,-24.0,"","",""
Cotton Fitzsimmons,1970-71,39,PHO,82,48,34,7.0,"","",""
Cotton Fitzsimmons,1971-72,40,PHO,82,49,33,8.0,"","",""
Cotton Fitzsimmons,1972-73,41,ATL,82,46,36,5.0,6,2,4
Cotton Fitzsimmons,1973-74,42,ATL,82,35,47,-6.0,"","",""
Cotton Fitzsimmons,1974-75,43,ATL,82,31,51,-10.0,"","",""
Cotton Fitzsimmons,1975-76,44,ATL,74,28,46,-9.0,"","",""
Cotton Fitzsimmons,1977-78,46,BUF,82,27,55,-14.0,"","",""
Cotton Fitzsimmons,1978-79,47,KCK,82,48,34,7.0,5,1,4
Cotton Fitzsimmons,1979-80,48,KCK,82,47,35,6.0,3,1,2
Cotton Fitzsimmons,1980-81,49,KCK,82,40,42,-1.0,15,7,8
Cotton Fitzsimmons,1981-82,50,KCK,82,30,52,-11.0,"","",""
Cotton Fitzsimmons,1982-83,51,KCK,82,45,37,4.0,"","",""
Cotton Fitzsimmons,1983-84,52,KCK,82,38,44,-3.0,3,0,3
Cotton Fitzsimmons,1984-85,53,SAS,82,41,41,0.0,5,2,3
Cotton Fitzsimmons,1985-86,54,SAS,82,35,47,-6.0,3,0,3
Cotton Fitzsimmons,1988-89,57,PHO,82,55,27,14.0,12,7,5
Cotton Fitzsimmons,1989-90,58,PHO,82,54,28,13.0,16,9,7
Cotton Fitzsimmons,1990-91,59,PHO,82,55,27,14.0,4,1,3
Cotton Fitzsimmons,1991-92,60,PHO,82,53,29,12.0,8,4,4
Cotton Fitzsimmons,1995-96,64,PHO,49,27,22,2.5,4,1,3
Cotton Fitzsimmons,1996-97,65,PHO,8,0,8,-4.0,"","",""
Tim Floyd,1998-99,"",CHI,50,13,37,-12.0,"","",""
Tim Floyd,1999-00,"",CHI,82,17,65,-24.0,"","",""
Tim Floyd,2000-01,"",CHI,82,15,67,-26.0,"","",""
Tim Floyd,2001-02,"",CHI,25,4,21,-8.5,"","",""
Tim Floyd,2003-04,"",NOH,82,41,41,0.0,7,3,4
Chris Ford,1990-91,42,BOS,82,56,26,15.0,11,5,6
Chris Ford,1991-92,43,BOS,82,51,31,10.0,10,6,4
Chris Ford,1992-93,44,BOS,82,48,34,7.0,4,1,3
Chris Ford,1993-94,45,BOS,82,32,50,-9.0,"","",""
Chris Ford,1994-95,46,BOS,82,35,47,-6.0,4,1,3
Chris Ford,1996-97,48,MIL,82,33,49,-8.0,"","",""
Chris Ford,1997-98,49,MIL,82,36,46,-5.0,"","",""
Chris Ford,1998-99,50,LAC,50,9,41,-16.0,"","",""
Chris Ford,1999-00,51,LAC,45,11,34,-11.5,"","",""
Chris Ford,2003-04,55,PHI,30,12,18,-3.0,"","",""
Lawrence Frank,2003-04,33,NJN,40,25,15,5.0,11,7,4
Lawrence Frank,2004-05,34,NJN,82,42,40,1.0,4,0,4
Lawrence Frank,2005-06,35,NJN,82,49,33,8.0,11,5,6
Lawrence Frank,2006-07,36,NJN,82,41,41,0.0,12,6,6
Lawrence Frank,2007-08,37,NJN,82,34,48,-7.0,"","",""
Lawrence Frank,2008-09,38,NJN,82,34,48,-7.0,"","",""
Lawrence Frank,2009-10,39,NJN,16,0,16,-8.0,"","",""
Lawrence Frank,2011-12,41,DET,66,25,41,-8.0,0,0,0
Lawrence Frank,2012-13,42,DET,82,29,53,-12.0,0,0,0
Mike Fratello,1980-81,33,ATL,3,0,3,-1.5,"","",""
Mike Fratello,1983-84,36,ATL,82,40,42,-1.0,5,2,3
Mike Fratello,1984-85,37,ATL,82,34,48,-7.0,"","",""
Mike Fratello,1985-86,38,ATL,82,50,32,9.0,9,4,5
Mike Fratello,1986-87,39,ATL,82,57,25,16.0,9,4,5
Mike Fratello,1987-88,40,ATL,82,50,32,9.0,12,6,6
Mike Fratello,1988-89,41,ATL,82,52,30,11.0,5,2,3
Mike Fratello,1989-90,42,ATL,82,41,41,0.0,"","",""
Mike Fratello,1993-94,46,CLE,82,47,35,6.0,3,0,3
Mike Fratello,1994-95,47,CLE,82,43,39,2.0,4,1,3
Mike Fratello,1995-96,48,CLE,82,47,35,6.0,3,0,3
Mike Fratello,1996-97,49,CLE,82,42,40,1.0,"","",""
Mike Fratello,1997-98,50,CLE,82,47,35,6.0,4,1,3
Mike Fratello,1998-99,51,CLE,50,22,28,-3.0,"","",""
Mike Fratello,2004-05,57,MEM,66,40,26,7.0,4,0,4
Mike Fratello,2005-06,58,MEM,82,49,33,8.0,4,0,4
Mike Fratello,2006-07,59,MEM,30,6,24,-9.0,"","",""
Harry Gallatin,1962-63,35,STL,80,48,32,8.0,11,6,5
Harry Gallatin,1963-64,36,STL,80,46,34,6.0,12,6,6
Harry Gallatin,1964-65,37,STL,33,17,16,0.5,"","",""
Harry Gallatin,1964-65,37,NYK,42,19,23,-2.0,"","",""
Harry Gallatin,1965-66,38,NYK,21,6,15,-4.5,"","",""
Alvin Gentry,1994-95,40,MIA,36,15,21,-3.0,"","",""
Alvin Gentry,1997-98,43,DET,37,16,21,-2.5,"","",""
Alvin Gentry,1998-99,44,DET,50,29,21,4.0,5,2,3
Alvin Gentry,1999-00,45,DET,58,28,30,-1.0,"","",""
Alvin Gentry,2000-01,46,LAC,82,31,51,-10.0,"","",""
Alvin Gentry,2001-02,47,LAC,82,39,43,-2.0,"","",""
Alvin Gentry,2002-03,48,LAC,58,19,39,-10.0,"","",""
Alvin Gentry,2008-09,54,PHO,31,18,13,2.5,"","",""
Alvin Gentry,2009-10,55,PHO,82,54,28,13.0,16,10,6
Alvin Gentry,2010-11,56,PHO,82,40,42,-1.0,"","",""
Alvin Gentry,2011-12,57,PHO,66,33,33,0.0,0,0,0
Alvin Gentry,2012-13,58,PHO,41,13,28,-7.5,"","",""
Alvin Gentry,2015-16,61,NOP,82,30,52,-11.0,0,0,0
Edward Gottlieb,1949-50,51,PHW,68,26,42,-8.0,2,0,2
Edward Gottlieb,1950-51,52,PHW,66,40,26,7.0,2,0,2
Edward Gottlieb,1951-52,53,PHW,66,33,33,0.0,3,1,2
Edward Gottlieb,1952-53,54,PHW,69,12,57,-22.5,"","",""
Edward Gottlieb,1953-54,55,PHW,72,29,43,-7.0,"","",""
Edward Gottlieb,1954-55,56,PHW,72,33,39,-3.0,"","",""
Ed Gregory,1987-88,"",GSW,18,4,14,-5.0,"","",""
Richie Guerin,1964-65,32,STL,47,28,19,4.5,4,1,3
Richie Guerin,1965-66,33,STL,80,36,44,-4.0,10,6,4
Richie Guerin,1966-67,34,STL,81,39,42,-1.5,9,5,4
Richie Guerin,1967-68,35,STL,82,56,26,15.0,6,2,4
Richie Guerin,1968-69,36,ATL,82,48,34,7.0,11,5,6
Richie Guerin,1969-70,37,ATL,82,48,34,7.0,9,4,5
Richie Guerin,1970-71,38,ATL,82,36,46,-5.0,5,1,4
Richie Guerin,1971-72,39,ATL,82,36,46,-5.0,6,2,4
Matt Guokas,1985-86,41,PHI,82,54,28,13.0,12,6,6
Matt Guokas,1986-87,42,PHI,82,45,37,4.0,5,2,3
Matt Guokas,1987-88,43,PHI,43,20,23,-1.5,"","",""
Matt Guokas,1989-90,45,ORL,82,18,64,-23.0,"","",""
Matt Guokas,1990-91,46,ORL,82,31,51,-10.0,"","",""
Matt Guokas,1991-92,47,ORL,82,21,61,-20.0,"","",""
Matt Guokas,1992-93,48,ORL,82,41,41,0.0,"","",""
Frank Hamblen,1991-92,"",MIL,65,23,42,-9.5,"","",""
Frank Hamblen,2004-05,"",LAL,39,10,29,-9.5,"","",""
Leonard Hamilton,2000-01,"",WAS,82,19,63,-22.0,"","",""
Alex Hannum,1956-57,33,STL,31,15,16,-0.5,10,6,4
Alex Hannum,1957-58,34,STL,72,41,31,5.0,11,8,3
Alex Hannum,1960-61,37,SYR,79,38,41,-1.5,8,4,4
Alex Hannum,1961-62,38,SYR,80,41,39,1.0,5,2,3
Alex Hannum,1962-63,39,SYR,80,48,32,8.0,5,2,3
Alex Hannum,1963-64,40,SFW,80,48,32,8.0,12,5,7
Alex Hannum,1964-65,41,SFW,80,17,63,-23.0,"","",""
Alex Hannum,1965-66,42,SFW,80,35,45,-5.0,"","",""
Alex Hannum,1966-67,43,PHI,81,68,13,27.5,15,11,4
Alex Hannum,1967-68,44,PHI,82,62,20,21.0,13,7,6
Alex Hannum,1969-70,46,SDR,56,18,38,-10.0,"","",""
Alex Hannum,1970-71,47,SDR,82,40,42,-1.0,"","",""
Bill Hanzlik,1997-98,40,DEN,82,11,71,-30.0,"","",""
Del Harris,1979-80,42,HOU,82,41,41,0.0,7,2,5
Del Harris,1980-81,43,HOU,82,40,42,-1.0,21,12,9
Del Harris,1981-82,44,HOU,82,46,36,5.0,3,1,2
Del Harris,1982-83,45,HOU,82,14,68,-27.0,"","",""
Del Harris,1987-88,50,MIL,82,42,40,1.0,5,2,3
Del Harris,1988-89,51,MIL,82,49,33,8.0,9,3,6
Del Harris,1989-90,52,MIL,82,44,38,3.0,4,1,3
Del Harris,1990-91,53,MIL,82,48,34,7.0,3,0,3
Del Harris,1991-92,54,MIL,17,8,9,-0.5,"","",""
Del Harris,1994-95,57,LAL,82,48,34,7.0,10,5,5
Del Harris,1995-96,58,LAL,82,53,29,12.0,4,1,3
Del Harris,1996-97,59,LAL,82,56,26,15.0,9,4,5
Del Harris,1997-98,60,LAL,82,61,21,20.0,13,7,6
Del Harris,1998-99,61,LAL,12,6,6,0.0,"","",""
Les Harrison,1949-50,45,ROC,68,51,17,17.0,2,0,2
Les Harrison,1950-51,46,ROC,68,41,27,7.0,14,9,5
Les Harrison,1951-52,47,ROC,66,41,25,8.0,6,3,3
Les Harrison,1952-53,48,ROC,70,44,26,9.0,3,1,2
Les Harrison,1953-54,49,ROC,72,44,28,8.0,6,3,3
Les Harrison,1954-55,50,ROC,72,29,43,-7.0,3,1,2
Dick Harter,1988-89,58,CHH,82,20,62,-21.0,"","",""
Dick Harter,1989-90,59,CHH,40,8,32,-12.0,"","",""
Gar Heard,1992-93,44,DAL,53,9,44,-17.5,"","",""
Gar Heard,1999-00,51,WAS,44,14,30,-8.0,"","",""
Tom Heinsohn,1969-70,35,BOS,82,34,48,-7.0,"","",""
Tom Heinsohn,1970-71,36,BOS,82,44,38,3.0,"","",""
Tom Heinsohn,1971-72,37,BOS,82,56,26,15.0,11,5,6
Tom Heinsohn,1972-73,38,BOS,82,68,14,27.0,13,7,6
Tom Heinsohn,1973-74,39,BOS,82,56,26,15.0,18,12,6
Tom Heinsohn,1974-75,40,BOS,82,60,22,19.0,11,6,5
Tom Heinsohn,1975-76,41,BOS,82,54,28,13.0,18,12,6
Tom Heinsohn,1976-77,42,BOS,82,44,38,3.0,9,5,4
Tom Heinsohn,1977-78,43,BOS,34,11,23,-6.0,"","",""
Bob Hill,1986-87,"",NYK,66,20,46,-13.0,"","",""
Bob Hill,1990-91,"",IND,57,32,25,3.5,5,2,3
Bob Hill,1991-92,"",IND,82,40,42,-1.0,3,0,3
Bob Hill,1992-93,"",IND,82,41,41,0.0,4,1,3
Bob Hill,1994-95,"",SAS,82,62,20,21.0,15,9,6
Bob Hill,1995-96,"",SAS,82,59,23,18.0,10,5,5
Bob Hill,1996-97,"",SAS,18,3,15,-6.0,"","",""
Bob Hill,2005-06,"",SEA,52,22,30,-4.0,"","",""
Bob Hill,2006-07,"",SEA,82,31,51,-10.0,"","",""
Brian Hill,1993-94,46,ORL,82,50,32,9.0,3,0,3
Brian Hill,1994-95,47,ORL,82,57,25,16.0,21,11,10
Brian Hill,1995-96,48,ORL,82,60,22,19.0,12,7,5
Brian Hill,1996-97,49,ORL,49,24,25,-0.5,"","",""
Brian Hill,1997-98,50,VAN,82,19,63,-22.0,"","",""
Brian Hill,1998-99,51,VAN,50,8,42,-17.0,"","",""
Brian Hill,1999-00,52,VAN,22,4,18,-7.0,"","",""
Brian Hill,2005-06,58,ORL,82,36,46,-5.0,"","",""
Brian Hill,2006-07,59,ORL,82,40,42,-1.0,4,0,4
Fred Hoiberg,2015-16,43,CHI,82,42,40,1.0,0,0,0
Lionel Hollins,1999-00,46,VAN,60,18,42,-12.0,"","",""
Lionel Hollins,2004-05,51,MEM,4,0,4,-2.0,"","",""
Lionel Hollins,2008-09,55,MEM,39,13,26,-6.5,"","",""
Lionel Hollins,2009-10,56,MEM,82,40,42,-1.0,"","",""
Lionel Hollins,2010-11,57,MEM,82,46,36,5.0,13,7,6
Lionel Hollins,2011-12,58,MEM,66,41,25,8.0,7,3,4
Lionel Hollins,2012-13,59,MEM,82,56,26,15.0,15,8,7
Lionel Hollins,2014-15,61,BRK,82,38,44,-3.0,6,2,4
Lionel Hollins,2015-16,62,BRK,37,10,27,-8.5,0,0,0
Red Holzman,1953-54,33,MLH,26,10,16,-3.0,"","",""
Red Holzman,1954-55,34,MLH,72,26,46,-10.0,"","",""
Red Holzman,1955-56,35,STL,72,33,39,-3.0,8,4,4
Red Holzman,1956-57,36,STL,33,14,19,-2.5,"","",""
Red Holzman,1967-68,47,NYK,45,28,17,5.5,6,2,4
Red Holzman,1968-69,48,NYK,82,54,28,13.0,10,6,4
Red Holzman,1969-70,49,NYK,82,60,22,19.0,19,12,7
Red Holzman,1970-71,50,NYK,82,52,30,11.0,12,7,5
Red Holzman,1971-72,51,NYK,82,48,34,7.0,16,9,7
Red Holzman,1972-73,52,NYK,82,57,25,16.0,17,12,5
Red Holzman,1973-74,53,NYK,82,49,33,8.0,12,5,7
Red Holzman,1974-75,54,NYK,82,40,42,-1.0,3,1,2
Red Holzman,1975-76,55,NYK,82,38,44,-3.0,"","",""
Red Holzman,1976-77,56,NYK,82,40,42,-1.0,"","",""
Red Holzman,1978-79,58,NYK,68,25,43,-9.0,"","",""
Red Holzman,1979-80,59,NYK,82,39,43,-2.0,"","",""
Red Holzman,1980-81,60,NYK,82,50,32,9.0,2,0,2
Red Holzman,1981-82,61,NYK,82,33,49,-8.0,"","",""
Bob Hopkins,1977-78,43,SEA,22,5,17,-6.0,"","",""
Jeff Hornacek,2013-14,50,PHO,82,48,34,7.0,0,0,0
Jeff Hornacek,2014-15,51,PHO,82,39,43,-2.0,0,0,0
Jeff Hornacek,2015-16,52,PHO,49,14,35,-10.5,0,0,0
Kim Hughes,2009-10,57,LAC,33,8,25,-8.5,"","",""
Rex Hughes,1991-92,"",SAC,57,22,35,-6.5,"","",""
Rex Hughes,1992-93,"",SAS,1,1,0,0.5,"","",""
Melvin Hunt,2014-15,45,DEN,23,10,13,-1.5,0,0,0
Lindsey Hunter,2012-13,42,PHO,41,12,29,-8.5,0,0,0
Marc Iavaroni,2007-08,51,MEM,82,22,60,-19.0,"","",""
Marc Iavaroni,2008-09,52,MEM,41,11,30,-9.5,"","",""
Stu Inman,1971-72,"",POR,26,6,20,-7.0,"","",""
George Irvine,1984-85,36,IND,82,22,60,-19.0,"","",""
George Irvine,1985-86,37,IND,82,26,56,-15.0,"","",""
George Irvine,1988-89,40,IND,20,6,14,-4.0,"","",""
George Irvine,1999-00,51,DET,24,14,10,2.0,3,0,3
George Irvine,2000-01,52,DET,82,32,50,-9.0,"","",""
Dan Issel,1992-93,44,DEN,82,36,46,-5.0,"","",""
Dan Issel,1993-94,45,DEN,82,42,40,1.0,12,6,6
Dan Issel,1994-95,46,DEN,34,18,16,1.0,"","",""
Dan Issel,1999-00,51,DEN,82,35,47,-6.0,"","",""
Dan Issel,2000-01,52,DEN,82,40,42,-1.0,"","",""
Dan Issel,2001-02,53,DEN,26,9,17,-4.0,"","",""
Mark Jackson,2011-12,46,GSW,66,23,43,-10.0,0,0,0
Mark Jackson,2012-13,47,GSW,82,47,35,6.0,12,6,6
Mark Jackson,2013-14,48,GSW,82,51,31,10.0,7,3,4
Phil Jackson,1989-90,44,CHI,82,55,27,14.0,16,10,6
Phil Jackson,1990-91,45,CHI,82,61,21,20.0,17,15,2
Phil Jackson,1991-92,46,CHI,82,67,15,26.0,22,15,7
Phil Jackson,1992-93,47,CHI,82,57,25,16.0,19,15,4
Phil Jackson,1993-94,48,CHI,82,55,27,14.0,10,6,4
Phil Jackson,1994-95,49,CHI,82,47,35,6.0,10,5,5
Phil Jackson,1995-96,50,CHI,82,72,10,31.0,18,15,3
Phil Jackson,1996-97,51,CHI,82,69,13,28.0,19,15,4
Phil Jackson,1997-98,52,CHI,82,62,20,21.0,21,15,6
Phil Jackson,1999-00,54,LAL,82,67,15,26.0,23,15,8
Phil Jackson,2000-01,55,LAL,82,56,26,15.0,16,15,1
Phil Jackson,2001-02,56,LAL,82,58,24,17.0,19,15,4
Phil Jackson,2002-03,57,LAL,82,50,32,9.0,12,6,6
Phil Jackson,2003-04,58,LAL,82,56,26,15.0,22,13,9
Phil Jackson,2005-06,60,LAL,82,45,37,4.0,7,3,4
Phil Jackson,2006-07,61,LAL,82,42,40,1.0,5,1,4
Phil Jackson,2007-08,62,LAL,82,57,25,16.0,21,14,7
Phil Jackson,2008-09,63,LAL,82,65,17,24.0,23,16,7
Phil Jackson,2009-10,64,LAL,82,57,25,16.0,23,16,7
Phil Jackson,2010-11,65,LAL,82,57,25,16.0,10,4,6
Stu Jackson,1989-90,"",NYK,82,45,37,4.0,10,4,6
Stu Jackson,1990-91,"",NYK,15,7,8,-0.5,"","",""
Stu Jackson,1996-97,"",VAN,39,6,33,-13.5,"","",""
Buddy Jeannette,1949-50,32,BLB,68,25,43,-9.0,"","",""
Buddy Jeannette,1950-51,33,BLB,37,14,23,-4.5,"","",""
Buddy Jeannette,1964-65,47,BAL,80,37,43,-3.0,10,5,5
Buddy Jeannette,1966-67,49,BAL,16,3,13,-5.0,"","",""
Chris Jent,2004-05,35,ORL,18,5,13,-4.0,"","",""
Dave Joerger,2013-14,"",MEM,82,50,32,9.0,7,3,4
Dave Joerger,2014-15,"",MEM,82,55,27,14.0,11,6,5
Dave Joerger,2015-16,"",MEM,82,42,40,1.0,4,0,4
Avery Johnson,2004-05,39,DAL,18,16,2,7.0,13,6,7
Avery Johnson,2005-06,40,DAL,82,60,22,19.0,23,14,9
Avery Johnson,2006-07,41,DAL,82,67,15,26.0,6,2,4
Avery Johnson,2007-08,42,DAL,82,51,31,10.0,5,1,4
Avery Johnson,2010-11,45,NJN,82,24,58,-17.0,"","",""
Avery Johnson,2011-12,46,NJN,66,22,44,-11.0,0,0,0
Avery Johnson,2012-13,47,BRK,28,14,14,0.0,"","",""
Dennis Johnson,2002-03,48,LAC,24,8,16,-4.0,"","",""
Frank Johnson,2001-02,43,PHO,31,11,20,-4.5,"","",""
Frank Johnson,2002-03,44,PHO,82,44,38,3.0,6,2,4
Frank Johnson,2003-04,45,PHO,21,8,13,-2.5,"","",""
Magic Johnson,1993-94,34,LAL,16,5,11,-3.0,"","",""
Phil Johnson,1973-74,"",KCO,58,27,31,-2.0,"","",""
Phil Johnson,1974-75,"",KCO,82,44,38,3.0,6,2,4
Phil Johnson,1975-76,"",KCK,82,31,51,-10.0,"","",""
Phil Johnson,1976-77,"",KCK,82,40,42,-1.0,"","",""
Phil Johnson,1977-78,"",KCK,37,13,24,-5.5,"","",""
Phil Johnson,1981-82,"",CHI,1,0,1,-0.5,"","",""
Phil Johnson,1984-85,"",KCK,73,30,43,-6.5,"","",""
Phil Johnson,1985-86,"",SAC,82,37,45,-4.0,3,0,3
Phil Johnson,1986-87,"",SAC,46,14,32,-9.0,"","",""
Neil Johnston,1959-60,30,PHW,75,49,26,11.5,9,4,5
Neil Johnston,1960-61,31,PHW,79,46,33,6.5,3,0,3
K.C. Jones,1973-74,41,CAP,82,47,35,6.0,7,3,4
K.C. Jones,1974-75,42,WSB,82,60,22,19.0,17,8,9
K.C. Jones,1975-76,43,WSB,82,48,34,7.0,7,3,4
K.C. Jones,1983-84,51,BOS,82,62,20,21.0,23,15,8
K.C. Jones,1984-85,52,BOS,82,63,19,22.0,21,13,8
K.C. Jones,1985-86,53,BOS,82,67,15,26.0,18,15,3
K.C. Jones,1986-87,54,BOS,82,59,23,18.0,23,13,10
K.C. Jones,1987-88,55,BOS,82,57,25,16.0,17,9,8
K.C. Jones,1990-91,58,SEA,82,41,41,0.0,5,2,3
K.C. Jones,1991-92,59,SEA,36,18,18,0.0,"","",""
Wally Jones,1950-51,"",INO,12,7,5,1.0,3,1,2
Eddie Jordan,1996-97,42,SAC,15,6,9,-1.5,"","",""
Eddie Jordan,1997-98,43,SAC,82,27,55,-14.0,"","",""
Eddie Jordan,2003-04,49,WAS,82,25,57,-16.0,"","",""
Eddie Jordan,2004-05,50,WAS,82,45,37,4.0,10,4,6
Eddie Jordan,2005-06,51,WAS,82,42,40,1.0,6,2,4
Eddie Jordan,2006-07,52,WAS,82,41,41,0.0,4,0,4
Eddie Jordan,2007-08,53,WAS,82,43,39,2.0,6,2,4
Eddie Jordan,2008-09,54,WAS,11,1,10,-4.5,"","",""
Eddie Jordan,2009-10,55,PHI,82,27,55,-14.0,"","",""
Ed Jucker,1967-68,"",CIN,82,39,43,-2.0,"","",""
Ed Jucker,1968-69,"",CIN,82,41,41,0.0,"","",""
Alvin Julian,1949-50,48,BOS,68,22,46,-12.0,"","",""
George Karl,1984-85,32,CLE,82,36,46,-5.0,4,1,3
George Karl,1985-86,33,CLE,67,25,42,-8.5,"","",""
George Karl,1986-87,34,GSW,82,42,40,1.0,10,4,6
George Karl,1987-88,35,GSW,64,16,48,-16.0,"","",""
George Karl,1991-92,39,SEA,42,27,15,6.0,9,4,5
George Karl,1992-93,40,SEA,82,55,27,14.0,19,10,9
George Karl,1993-94,41,SEA,82,63,19,22.0,5,2,3
George Karl,1994-95,42,SEA,82,57,25,16.0,4,1,3
George Karl,1995-96,43,SEA,82,64,18,23.0,21,13,8
George Karl,1996-97,44,SEA,82,57,25,16.0,12,6,6
George Karl,1997-98,45,SEA,82,61,21,20.0,10,4,6
George Karl,1998-99,46,MIL,50,28,22,3.0,3,0,3
George Karl,1999-00,47,MIL,82,42,40,1.0,5,2,3
George Karl,2000-01,48,MIL,82,52,30,11.0,18,10,8
George Karl,2001-02,49,MIL,82,41,41,0.0,"","",""
George Karl,2002-03,50,MIL,82,42,40,1.0,6,2,4
George Karl,2004-05,52,DEN,40,32,8,12.0,5,1,4
George Karl,2005-06,53,DEN,82,44,38,3.0,5,1,4
George Karl,2006-07,54,DEN,82,45,37,4.0,5,1,4
George Karl,2007-08,55,DEN,82,50,32,9.0,4,0,4
George Karl,2008-09,56,DEN,82,54,28,13.0,16,10,6
George Karl,2009-10,57,DEN,82,53,29,12.0,6,2,4
George Karl,2010-11,58,DEN,82,50,32,9.0,5,1,4
George Karl,2011-12,59,DEN,66,38,28,5.0,7,3,4
George Karl,2012-13,60,DEN,82,57,25,16.0,6,2,4
George Karl,2014-15,62,SAC,30,11,19,-4.0,0,0,0
George Karl,2015-16,63,SAC,82,33,49,-8.0,0,0,0
Bob Kauffman,1977-78,31,DET,58,29,29,0.0,"","",""
Red Kerr,1966-67,34,CHI,81,33,48,-7.5,3,0,3
Red Kerr,1967-68,35,CHI,82,29,53,-12.0,5,1,4
Red Kerr,1968-69,36,PHO,82,16,66,-25.0,"","",""
Red Kerr,1969-70,37,PHO,38,15,23,-4.0,"","",""
Steve Kerr,2014-15,49,GSW,82,67,15,26.0,21,16,5
Steve Kerr,2015-16,50,GSW,82,73,9,32.0,7,6,1
Jason Kidd,2013-14,40,BRK,82,44,38,3.0,12,5,7
Jason Kidd,2014-15,41,MIL,82,41,41,0.0,6,2,4
Jason Kidd,2015-16,42,MIL,82,33,49,-8.0,0,0,0
Bob Kloppenburg,1981-82,"",CLE,3,0,3,-1.5,"","",""
Bob Kloppenburg,1991-92,"",SEA,4,2,2,0.0,"","",""
Lon Kruger,2000-01,"",ATL,82,25,57,-16.0,"","",""
Lon Kruger,2001-02,"",ATL,82,33,49,-8.0,"","",""
Lon Kruger,2002-03,"",ATL,27,11,16,-2.5,"","",""
Larry Krystkowiak,2006-07,42,MIL,18,5,13,-4.0,"","",""
Larry Krystkowiak,2007-08,43,MIL,82,26,56,-15.0,"","",""
John Kuester,2009-10,54,DET,82,27,55,-14.0,"","",""
John Kuester,2010-11,55,DET,82,30,52,-11.0,"","",""
John Kundla,1949-50,33,MNL,68,51,17,17.0,12,10,2
John Kundla,1950-51,34,MNL,68,44,24,10.0,7,3,4
John Kundla,1951-52,35,MNL,66,40,26,7.0,13,9,4
John Kundla,1952-53,36,MNL,70,48,22,13.0,12,9,3
John Kundla,1953-54,37,MNL,72,46,26,10.0,13,9,4
John Kundla,1954-55,38,MNL,72,40,32,4.0,7,3,4
John Kundla,1955-56,39,MNL,72,33,39,-3.0,3,1,2
John Kundla,1956-57,40,MNL,72,34,38,-2.0,5,2,3
John Kundla,1957-58,41,MNL,33,10,23,-6.5,"","",""
John Kundla,1958-59,42,MNL,72,33,39,-3.0,13,6,7
Bob Lanier,1994-95,46,GSW,37,12,25,-6.5,"","",""
Joe Lapchick,1949-50,49,NYK,68,40,28,6.0,5,3,2
Joe Lapchick,1950-51,50,NYK,66,36,30,3.0,14,8,6
Joe Lapchick,1951-52,51,NYK,66,37,29,4.0,14,8,6
Joe Lapchick,1952-53,52,NYK,70,47,23,12.0,11,6,5
Joe Lapchick,1953-54,53,NYK,72,44,28,8.0,4,0,4
Joe Lapchick,1954-55,54,NYK,72,38,34,2.0,3,1,2
Joe Lapchick,1955-56,55,NYK,51,26,25,0.5,"","",""
Frank Layden,1981-82,50,UTA,62,17,45,-14.0,"","",""
Frank Layden,1982-83,51,UTA,82,30,52,-11.0,"","",""
Frank Layden,1983-84,52,UTA,82,45,37,4.0,11,5,6
Frank Layden,1984-85,53,UTA,82,41,41,0.0,10,4,6
Frank Layden,1985-86,54,UTA,82,42,40,1.0,4,1,3
Frank Layden,1986-87,55,UTA,82,44,38,3.0,5,2,3
Frank Layden,1987-88,56,UTA,82,47,35,6.0,11,6,5
Frank Layden,1988-89,57,UTA,17,11,6,2.5,"","",""
George Lee,1968-69,32,SFW,82,41,41,0.0,6,2,4
George Lee,1969-70,33,SFW,52,22,30,-4.0,"","",""
Slick Leonard,1962-63,30,CHZ,42,13,29,-8.0,"","",""
Slick Leonard,1963-64,31,BAL,80,31,49,-9.0,"","",""
Slick Leonard,1976-77,44,IND,82,36,46,-5.0,"","",""
Slick Leonard,1977-78,45,IND,82,31,51,-10.0,"","",""
Slick Leonard,1978-79,46,IND,82,38,44,-3.0,"","",""
Slick Leonard,1979-80,47,IND,82,37,45,-4.0,"","",""
Andrew Levane,1952-53,32,MLH,71,27,44,-8.5,"","",""
Andrew Levane,1953-54,33,MLH,46,11,35,-12.0,"","",""
Andrew Levane,1958-59,38,NYK,72,40,32,4.0,2,0,2
Andrew Levane,1959-60,39,NYK,27,8,19,-5.5,"","",""
Andrew Levane,1961-62,41,STL,60,20,40,-10.0,"","",""
Grady Lewis,1949-50,32,STB,68,26,42,-8.0,"","",""
Gene Littles,1985-86,42,CLE,15,4,11,-3.5,"","",""
Gene Littles,1989-90,46,CHH,42,11,31,-10.0,"","",""
Gene Littles,1990-91,47,CHH,82,26,56,-15.0,"","",""
Gene Littles,1994-95,51,DEN,16,3,13,-5.0,"","",""
Earl Lloyd,1971-72,43,DET,70,20,50,-15.0,"","",""
Earl Lloyd,1972-73,44,DET,7,2,5,-1.5,"","",""
Tates Locke,1976-77,"",BUF,46,16,30,-7.0,"","",""
John Logan,1950-51,30,TRI,3,2,1,0.5,"","",""
Kevin Loughery,1972-73,32,PHI,31,5,26,-10.5,"","",""
Kevin Loughery,1976-77,36,NYN,82,22,60,-19.0,"","",""
Kevin Loughery,1977-78,37,NJN,82,24,58,-17.0,"","",""
Kevin Loughery,1978-79,38,NJN,82,37,45,-4.0,2,0,2
Kevin Loughery,1979-80,39,NJN,82,34,48,-7.0,"","",""
Kevin Loughery,1980-81,40,NJN,35,12,23,-5.5,"","",""
Kevin Loughery,1981-82,41,ATL,82,42,40,1.0,2,0,2
Kevin Loughery,1982-83,42,ATL,82,43,39,2.0,3,1,2
Kevin Loughery,1983-84,43,CHI,82,27,55,-14.0,"","",""
Kevin Loughery,1984-85,44,CHI,82,38,44,-3.0,4,1,3
Kevin Loughery,1985-86,45,WSB,13,7,6,0.5,5,2,3
Kevin Loughery,1986-87,46,WSB,82,42,40,1.0,3,0,3
Kevin Loughery,1987-88,47,WSB,27,8,19,-5.5,"","",""
Kevin Loughery,1991-92,51,MIA,82,38,44,-3.0,3,0,3
Kevin Loughery,1992-93,52,MIA,82,36,46,-5.0,"","",""
Kevin Loughery,1993-94,53,MIA,82,42,40,1.0,5,2,3
Kevin Loughery,1994-95,54,MIA,46,17,29,-6.0,"","",""
Sidney Lowe,1992-93,33,MIN,53,13,40,-13.5,"","",""
Sidney Lowe,1993-94,34,MIN,82,20,62,-21.0,"","",""
Sidney Lowe,2000-01,41,VAN,82,23,59,-18.0,"","",""
Sidney Lowe,2001-02,42,MEM,82,23,59,-18.0,"","",""
Sidney Lowe,2002-03,43,MEM,8,0,8,-4.0,"","",""
John Loyer,2013-14,"",DET,32,8,24,-8.0,0,0,0
John Lucas,1992-93,39,SAS,61,39,22,8.5,10,5,5
John Lucas,1993-94,40,SAS,82,55,27,14.0,4,1,3
John Lucas,1994-95,41,PHI,82,24,58,-17.0,"","",""
John Lucas,1995-96,42,PHI,82,18,64,-23.0,"","",""
John Lucas,2001-02,48,CLE,82,29,53,-12.0,"","",""
John Lucas,2002-03,49,CLE,42,8,34,-13.0,"","",""
Tyronn Lue,2015-16,38,CLE,41,27,14,6.5,5,5,0
Jim Lynam,1983-84,"",SDC,82,30,52,-11.0,"","",""
Jim Lynam,1984-85,"",LAC,61,22,39,-8.5,"","",""
Jim Lynam,1987-88,"",PHI,39,16,23,-3.5,"","",""
Jim Lynam,1988-89,"",PHI,82,46,36,5.0,3,0,3
Jim Lynam,1989-90,"",PHI,82,53,29,12.0,10,4,6
Jim Lynam,1990-91,"",PHI,82,44,38,3.0,8,4,4
Jim Lynam,1991-92,"",PHI,82,35,47,-6.0,"","",""
Jim Lynam,1994-95,"",WSB,82,21,61,-20.0,"","",""
Jim Lynam,1995-96,"",WSB,82,39,43,-2.0,"","",""
Jim Lynam,1996-97,"",WSB,46,22,24,-1.0,"","",""
Ed Macauley,1958-59,30,STL,62,43,19,12.0,6,2,4
Ed Macauley,1959-60,31,STL,75,46,29,8.5,14,7,7
Bob MacKinnon,1976-77,49,BUF,7,3,4,-0.5,"","",""
Bob MacKinnon,1980-81,53,NJN,47,12,35,-11.5,"","",""
Bob MacKinnon,1987-88,60,NJN,39,10,29,-9.5,"","",""
John MacLeod,1973-74,36,PHO,82,30,52,-11.0,"","",""
John MacLeod,1974-75,37,PHO,82,32,50,-9.0,"","",""
John MacLeod,1975-76,38,PHO,82,42,40,1.0,19,10,9
John MacLeod,1976-77,39,PHO,82,34,48,-7.0,"","",""
John MacLeod,1977-78,40,PHO,82,49,33,8.0,2,0,2
John MacLeod,1978-79,41,PHO,82,50,32,9.0,15,9,6
John MacLeod,1979-80,42,PHO,82,55,27,14.0,8,3,5
John MacLeod,1980-81,43,PHO,82,57,25,16.0,7,3,4
John MacLeod,1981-82,44,PHO,82,46,36,5.0,7,2,5
John MacLeod,1982-83,45,PHO,82,53,29,12.0,3,1,2
John MacLeod,1983-84,46,PHO,82,41,41,0.0,17,9,8
John MacLeod,1984-85,47,PHO,82,36,46,-5.0,3,0,3
John MacLeod,1985-86,48,PHO,82,32,50,-9.0,"","",""
John MacLeod,1986-87,49,PHO,56,22,34,-6.0,"","",""
John MacLeod,1987-88,50,DAL,82,53,29,12.0,17,10,7
John MacLeod,1988-89,51,DAL,82,38,44,-3.0,"","",""
John MacLeod,1989-90,52,DAL,11,5,6,-0.5,"","",""
John MacLeod,1990-91,53,NYK,67,32,35,-1.5,3,0,3
Brendan Malone,1995-96,"",TOR,82,21,61,-20.0,"","",""
Brendan Malone,2004-05,"",CLE,18,8,10,-1.0,"","",""
Mike Malone,2013-14,"",SAC,82,28,54,-13.0,0,0,0
Mike Malone,2014-15,"",SAC,24,11,13,-1.0,0,0,0
Mike Malone,2015-16,"",DEN,82,33,49,-8.0,0,0,0
Tom Marshall,1958-59,28,CIN,54,16,38,-11.0,"","",""
Tom Marshall,1959-60,29,CIN,75,19,56,-18.5,"","",""
Slater Martin,1956-57,31,STL,8,5,3,1.0,"","",""
Johnny McCarthy,1971-72,37,BUF,81,22,59,-18.5,"","",""
Jack McCloskey,1972-73,47,POR,82,21,61,-20.0,"","",""
Jack McCloskey,1973-74,48,POR,82,27,55,-14.0,"","",""
Dick McGuire,1959-60,34,DET,41,17,24,-3.5,2,0,2
Dick McGuire,1960-61,35,DET,79,34,45,-5.5,5,2,3
Dick McGuire,1961-62,36,DET,80,37,43,-3.0,10,5,5
Dick McGuire,1962-63,37,DET,80,34,46,-6.0,4,1,3
Dick McGuire,1965-66,40,NYK,59,24,35,-5.5,"","",""
Dick McGuire,1966-67,41,NYK,81,36,45,-4.5,4,1,3
Dick McGuire,1967-68,42,NYK,37,15,22,-3.5,"","",""
Frank McGuire,1961-62,"",PHW,80,49,31,9.0,12,6,6
Kevin McHale,2004-05,47,MIN,31,19,12,3.5,"","",""
Kevin McHale,2008-09,51,MIN,63,20,43,-11.5,"","",""
Kevin McHale,2011-12,54,HOU,66,34,32,1.0,0,0,0
Kevin McHale,2012-13,55,HOU,82,45,37,4.0,6,2,4
Kevin McHale,2013-14,56,HOU,82,54,28,13.0,6,2,4
Kevin McHale,2014-15,57,HOU,82,56,26,15.0,17,9,8
Kevin McHale,2015-16,58,HOU,11,4,7,-1.5,0,0,0
Morris McHone,1983-84,"",SAS,31,11,20,-4.5,"","",""
Bones McKinney,1950-51,32,WSC,35,10,25,-7.5,"","",""
Jack McKinney,1979-80,"",LAL,14,10,4,3.0,"","",""
Jack McKinney,1980-81,"",IND,82,44,38,3.0,2,0,2
Jack McKinney,1981-82,"",IND,82,35,47,-6.0,"","",""
Jack McKinney,1982-83,"",IND,82,20,62,-21.0,"","",""
Jack McKinney,1983-84,"",IND,82,26,56,-15.0,"","",""
Jack McKinney,1984-85,"",KCK,9,1,8,-3.5,"","",""
Jack McMahon,1962-63,34,CHZ,38,12,26,-7.0,"","",""
Jack McMahon,1963-64,35,CIN,80,55,25,15.0,10,4,6
Jack McMahon,1964-65,36,CIN,80,48,32,8.0,4,1,3
Jack McMahon,1965-66,37,CIN,80,45,35,5.0,5,2,3
Jack McMahon,1966-67,38,CIN,81,39,42,-1.5,4,1,3
Jack McMahon,1967-68,39,SDR,82,15,67,-26.0,"","",""
Jack McMahon,1968-69,40,SDR,82,37,45,-4.0,6,2,4
Jack McMahon,1969-70,41,SDR,26,9,17,-4.0,"","",""
Dave McMillan,1950-51,64,TRI,23,9,14,-2.5,"","",""
Nate McMillan,2000-01,36,SEA,67,38,29,4.5,"","",""
Nate McMillan,2001-02,37,SEA,82,45,37,4.0,5,2,3
Nate McMillan,2002-03,38,SEA,82,40,42,-1.0,"","",""
Nate McMillan,2003-04,39,SEA,82,37,45,-4.0,"","",""
Nate McMillan,2004-05,40,SEA,82,52,30,11.0,11,6,5
Nate McMillan,2005-06,41,POR,82,21,61,-20.0,"","",""
Nate McMillan,2006-07,42,POR,82,32,50,-9.0,"","",""
Nate McMillan,2007-08,43,POR,82,41,41,0.0,"","",""
Nate McMillan,2008-09,44,POR,82,54,28,13.0,6,2,4
Nate McMillan,2009-10,45,POR,82,50,32,9.0,6,2,4
Nate McMillan,2010-11,46,POR,82,48,34,7.0,6,2,4
Nate McMillan,2011-12,47,POR,43,20,23,-1.5,"","",""
Murray Mendenhall,1949-50,51,FTW,68,40,28,6.0,4,2,2
Murray Mendenhall,1950-51,52,FTW,68,32,36,-2.0,3,1,2
George Mikan,1957-58,33,MNL,39,9,30,-10.5,"","",""
Sam Mitchell,2004-05,41,TOR,82,33,49,-8.0,"","",""
Sam Mitchell,2005-06,42,TOR,82,27,55,-14.0,"","",""
Sam Mitchell,2006-07,43,TOR,82,47,35,6.0,6,2,4
Sam Mitchell,2007-08,44,TOR,82,41,41,0.0,5,1,4
Sam Mitchell,2008-09,45,TOR,17,8,9,-0.5,"","",""
Sam Mitchell,2015-16,52,MIN,82,29,53,-12.0,0,0,0
Doug Moe,1976-77,38,SAS,82,44,38,3.0,2,0,2
Doug Moe,1977-78,39,SAS,82,52,30,11.0,6,2,4
Doug Moe,1978-79,40,SAS,82,48,34,7.0,14,7,7
Doug Moe,1979-80,41,SAS,66,33,33,0.0,"","",""
Doug Moe,1980-81,42,DEN,51,26,25,0.5,"","",""
Doug Moe,1981-82,43,DEN,82,46,36,5.0,3,1,2
Doug Moe,1982-83,44,DEN,82,45,37,4.0,8,3,5
Doug Moe,1983-84,45,DEN,82,38,44,-3.0,5,2,3
Doug Moe,1984-85,46,DEN,82,52,30,11.0,15,8,7
Doug Moe,1985-86,47,DEN,82,47,35,6.0,10,5,5
Doug Moe,1986-87,48,DEN,82,37,45,-4.0,3,0,3
Doug Moe,1987-88,49,DEN,82,54,28,13.0,11,5,6
Doug Moe,1988-89,50,DEN,82,44,38,3.0,3,0,3
Doug Moe,1989-90,51,DEN,82,43,39,2.0,3,0,3
Doug Moe,1992-93,54,PHI,56,19,37,-9.0,"","",""
Mike Montgomery,2004-05,57,GSW,82,34,48,-7.0,"","",""
Mike Montgomery,2005-06,58,GSW,82,34,48,-7.0,"","",""
Doxie Moore,1949-50,38,AND,26,15,11,2.0,8,4,4
Doxie Moore,1951-52,40,MLH,66,17,49,-16.0,"","",""
Dick Motta,1968-69,37,CHI,82,33,49,-8.0,"","",""
Dick Motta,1969-70,38,CHI,82,39,43,-2.0,5,1,4
Dick Motta,1970-71,39,CHI,82,51,31,10.0,7,3,4
Dick Motta,1971-72,40,CHI,82,57,25,16.0,4,0,4
Dick Motta,1972-73,41,CHI,82,51,31,10.0,7,3,4
Dick Motta,1973-74,42,CHI,82,54,28,13.0,11,4,7
Dick Motta,1974-75,43,CHI,82,47,35,6.0,13,7,6
Dick Motta,1975-76,44,CHI,82,24,58,-17.0,"","",""
Dick Motta,1976-77,45,WSB,82,48,34,7.0,9,4,5
Dick Motta,1977-78,46,WSB,82,44,38,3.0,21,14,7
Dick Motta,1978-79,47,WSB,82,54,28,13.0,19,9,10
Dick Motta,1979-80,48,WSB,82,39,43,-2.0,2,0,2
Dick Motta,1980-81,49,DAL,82,15,67,-26.0,"","",""
Dick Motta,1981-82,50,DAL,82,28,54,-13.0,"","",""
Dick Motta,1982-83,51,DAL,82,38,44,-3.0,"","",""
Dick Motta,1983-84,52,DAL,82,43,39,2.0,10,4,6
Dick Motta,1984-85,53,DAL,82,44,38,3.0,4,1,3
Dick Motta,1985-86,54,DAL,82,44,38,3.0,10,5,5
Dick Motta,1986-87,55,DAL,82,55,27,14.0,4,1,3
Dick Motta,1989-90,58,SAC,54,16,38,-11.0,"","",""
Dick Motta,1990-91,59,SAC,82,25,57,-16.0,"","",""
Dick Motta,1991-92,60,SAC,25,7,18,-5.5,"","",""
Dick Motta,1994-95,63,DAL,82,36,46,-5.0,"","",""
Dick Motta,1995-96,64,DAL,82,26,56,-15.0,"","",""
Dick Motta,1996-97,65,DEN,69,17,52,-17.5,"","",""
Joe Mullaney,1969-70,44,LAL,82,46,36,5.0,18,11,7
Joe Mullaney,1970-71,45,LAL,82,48,34,7.0,12,5,7
Joe Mullaney,1976-77,51,BUF,29,11,18,-3.5,"","",""
Bill Musselman,1980-81,"",CLE,71,25,46,-10.5,"","",""
Bill Musselman,1981-82,"",CLE,23,2,21,-9.5,"","",""
Bill Musselman,1989-90,"",MIN,82,22,60,-19.0,"","",""
Bill Musselman,1990-91,"",MIN,82,29,53,-12.0,"","",""
Eric Musselman,2002-03,"",GSW,82,38,44,-3.0,"","",""
Eric Musselman,2003-04,"",GSW,82,37,45,-4.0,"","",""
Eric Musselman,2006-07,"",SAC,82,33,49,-8.0,"","",""
Pete Myers,2003-04,40,CHI,2,0,2,-1.0,"","",""
Pete Myers,2007-08,44,CHI,1,0,1,-0.5,"","",""
Kenny Natt,2008-09,50,SAC,58,11,47,-18.0,"","",""
Don Nelson,1976-77,36,MIL,64,27,37,-5.0,"","",""
Don Nelson,1977-78,37,MIL,82,44,38,3.0,9,5,4
Don Nelson,1978-79,38,MIL,82,38,44,-3.0,"","",""
Don Nelson,1979-80,39,MIL,82,49,33,8.0,7,3,4
Don Nelson,1980-81,40,MIL,82,60,22,19.0,7,3,4
Don Nelson,1981-82,41,MIL,82,55,27,14.0,6,2,4
Don Nelson,1982-83,42,MIL,82,51,31,10.0,9,5,4
Don Nelson,1983-84,43,MIL,82,50,32,9.0,16,8,8
Don Nelson,1984-85,44,MIL,82,59,23,18.0,8,3,5
Don Nelson,1985-86,45,MIL,82,57,25,16.0,14,7,7
Don Nelson,1986-87,46,MIL,82,50,32,9.0,12,6,6
Don Nelson,1988-89,48,GSW,82,43,39,2.0,8,4,4
Don Nelson,1989-90,49,GSW,82,37,45,-4.0,"","",""
Don Nelson,1990-91,50,GSW,82,44,38,3.0,9,4,5
Don Nelson,1991-92,51,GSW,82,55,27,14.0,4,1,3
Don Nelson,1992-93,52,GSW,82,34,48,-7.0,"","",""
Don Nelson,1993-94,53,GSW,82,50,32,9.0,3,0,3
Don Nelson,1994-95,54,GSW,45,14,31,-8.5,"","",""
Don Nelson,1995-96,55,NYK,59,34,25,4.5,"","",""
Don Nelson,1997-98,57,DAL,66,16,50,-17.0,"","",""
Don Nelson,1998-99,58,DAL,50,19,31,-6.0,"","",""
Don Nelson,1999-00,59,DAL,82,40,42,-1.0,"","",""
Don Nelson,2000-01,60,DAL,82,53,29,12.0,10,4,6
Don Nelson,2001-02,61,DAL,82,57,25,16.0,8,4,4
Don Nelson,2002-03,62,DAL,82,60,22,19.0,20,10,10
Don Nelson,2003-04,63,DAL,82,52,30,11.0,5,1,4
Don Nelson,2004-05,64,DAL,64,42,22,10.0,"","",""
Don Nelson,2006-07,66,GSW,82,42,40,1.0,11,5,6
Don Nelson,2007-08,67,GSW,82,48,34,7.0,"","",""
Don Nelson,2008-09,68,GSW,82,29,53,-12.0,"","",""
Don Nelson,2009-10,69,GSW,82,26,56,-15.0,"","",""
Tom Nissalke,1972-73,40,SEA,45,13,32,-9.5,"","",""
Tom Nissalke,1976-77,44,HOU,82,49,33,8.0,12,6,6
Tom Nissalke,1977-78,45,HOU,82,28,54,-13.0,"","",""
Tom Nissalke,1978-79,46,HOU,82,47,35,6.0,2,0,2
Tom Nissalke,1979-80,47,UTA,82,24,58,-17.0,"","",""
Tom Nissalke,1980-81,48,UTA,82,28,54,-13.0,"","",""
Tom Nissalke,1981-82,49,UTA,20,8,12,-2.0,"","",""
Tom Nissalke,1982-83,50,CLE,82,23,59,-18.0,"","",""
Tom Nissalke,1983-84,51,CLE,82,28,54,-13.0,"","",""
Jim O'Brien,2000-01,48,BOS,48,24,24,0.0,"","",""
Jim O'Brien,2001-02,49,BOS,82,49,33,8.0,16,9,7
Jim O'Brien,2002-03,50,BOS,82,44,38,3.0,10,4,6
Jim O'Brien,2003-04,51,BOS,46,22,24,-1.0,"","",""
Jim O'Brien,2004-05,52,PHI,82,43,39,2.0,5,1,4
Jim O'Brien,2007-08,55,IND,82,36,46,-5.0,"","",""
Jim O'Brien,2008-09,56,IND,82,36,46,-5.0,"","",""
Jim O'Brien,2009-10,57,IND,82,32,50,-9.0,"","",""
Jim O'Brien,2010-11,58,IND,44,17,27,-5.0,"","",""
Kevin O'Neill,2003-04,47,TOR,82,33,49,-8.0,"","",""
Bob Pettit,1961-62,29,STL,6,4,2,1.0,"","",""
Randy Pfund,1992-93,"",LAL,82,39,43,-2.0,5,2,3
Randy Pfund,1993-94,"",LAL,64,27,37,-5.0,"","",""
Andy Phillip,1958-59,36,STL,10,6,4,1.0,"","",""
Rick Pitino,1987-88,35,NYK,82,38,44,-3.0,4,1,3
Rick Pitino,1988-89,36,NYK,82,52,30,11.0,9,5,4
Rick Pitino,1997-98,45,BOS,82,36,46,-5.0,"","",""
Rick Pitino,1998-99,46,BOS,50,19,31,-6.0,"","",""
Rick Pitino,1999-00,47,BOS,82,35,47,-6.0,"","",""
Rick Pitino,2000-01,48,BOS,34,12,22,-5.0,"","",""
Jim Pollard,1959-60,37,MNL,39,14,25,-5.5,9,5,4
Jim Pollard,1961-62,39,CHP,80,18,62,-22.0,"","",""
Gregg Popovich,1996-97,48,SAS,64,17,47,-15.0,"","",""
Gregg Popovich,1997-98,49,SAS,82,56,26,15.0,9,4,5
Gregg Popovich,1998-99,50,SAS,50,37,13,12.0,17,15,2
Gregg Popovich,1999-00,51,SAS,82,53,29,12.0,4,1,3
Gregg Popovich,2000-01,52,SAS,82,58,24,17.0,13,7,6
Gregg Popovich,2001-02,53,SAS,82,58,24,17.0,10,4,6
Gregg Popovich,2002-03,54,SAS,82,60,22,19.0,24,16,8
Gregg Popovich,2003-04,55,SAS,82,57,25,16.0,10,6,4
Gregg Popovich,2004-05,56,SAS,82,59,23,18.0,23,16,7
Gregg Popovich,2005-06,57,SAS,82,63,19,22.0,13,7,6
Gregg Popovich,2006-07,58,SAS,82,58,24,17.0,20,16,4
Gregg Popovich,2007-08,59,SAS,82,56,26,15.0,17,9,8
Gregg Popovich,2008-09,60,SAS,82,54,28,13.0,5,1,4
Gregg Popovich,2009-10,61,SAS,82,50,32,9.0,10,4,6
Gregg Popovich,2010-11,62,SAS,82,61,21,20.0,6,2,4
Gregg Popovich,2011-12,63,SAS,66,50,16,17.0,14,10,4
Gregg Popovich,2012-13,64,SAS,82,58,24,17.0,21,15,6
Gregg Popovich,2013-14,65,SAS,82,62,20,21.0,23,16,7
Gregg Popovich,2014-15,66,SAS,82,55,27,14.0,7,3,4
Gregg Popovich,2015-16,67,SAS,82,67,15,26.0,6,5,1
Terry Porter,2003-04,40,MIL,82,41,41,0.0,5,1,4
Terry Porter,2004-05,41,MIL,82,30,52,-11.0,"","",""
Terry Porter,2008-09,45,PHO,51,28,23,2.5,"","",""
Roger Potter,1949-50,"",TRI,7,1,6,-2.5,"","",""
Kevin Pritchard,2004-05,37,POR,27,5,22,-8.5,"","",""
Kurt Rambis,1998-99,40,LAL,37,24,13,5.5,8,3,5
Kurt Rambis,2009-10,51,MIN,82,15,67,-26.0,"","",""
Kurt Rambis,2010-11,52,MIN,82,17,65,-24.0,"","",""
Kurt Rambis,2015-16,57,NYK,28,9,19,-5.0,0,0,0
Jack Ramsay,1968-69,43,PHI,82,55,27,14.0,5,1,4
Jack Ramsay,1969-70,44,PHI,82,42,40,1.0,5,1,4
Jack Ramsay,1970-71,45,PHI,82,47,35,6.0,7,3,4
Jack Ramsay,1971-72,46,PHI,82,30,52,-11.0,"","",""
Jack Ramsay,1972-73,47,BUF,82,21,61,-20.0,"","",""
Jack Ramsay,1973-74,48,BUF,82,42,40,1.0,6,2,4
Jack Ramsay,1974-75,49,BUF,82,49,33,8.0,7,3,4
Jack Ramsay,1975-76,50,BUF,82,46,36,5.0,9,4,5
Jack Ramsay,1976-77,51,POR,82,49,33,8.0,19,14,5
Jack Ramsay,1977-78,52,POR,82,58,24,17.0,6,2,4
Jack Ramsay,1978-79,53,POR,82,45,37,4.0,3,1,2
Jack Ramsay,1979-80,54,POR,82,38,44,-3.0,3,1,2
Jack Ramsay,1980-81,55,POR,82,45,37,4.0,3,1,2
Jack Ramsay,1981-82,56,POR,82,42,40,1.0,"","",""
Jack Ramsay,1982-83,57,POR,82,46,36,5.0,7,3,4
Jack Ramsay,1983-84,58,POR,82,48,34,7.0,5,2,3
Jack Ramsay,1984-85,59,POR,82,42,40,1.0,9,4,5
Jack Ramsay,1985-86,60,POR,82,40,42,-1.0,4,1,3
Jack Ramsay,1986-87,61,IND,82,41,41,0.0,4,1,3
Jack Ramsay,1987-88,62,IND,82,38,44,-3.0,"","",""
Jack Ramsay,1988-89,63,IND,7,0,7,-3.5,"","",""
Willis Reed,1977-78,35,NYK,82,43,39,2.0,6,2,4
Willis Reed,1978-79,36,NYK,14,6,8,-1.0,"","",""
Willis Reed,1987-88,45,NJN,28,7,21,-7.0,"","",""
Willis Reed,1988-89,46,NJN,82,26,56,-15.0,"","",""
Chick Reiser,1951-52,37,BLB,27,8,19,-5.5,"","",""
Chick Reiser,1952-53,38,BLB,3,0,3,-1.5,"","",""
Jerry Reynolds,1986-87,"",SAC,36,15,21,-3.0,"","",""
Jerry Reynolds,1987-88,"",SAC,24,7,17,-5.0,"","",""
Jerry Reynolds,1988-89,"",SAC,82,27,55,-14.0,"","",""
Jerry Reynolds,1989-90,"",SAC,28,7,21,-7.0,"","",""
Pat Riley,1981-82,36,LAL,71,50,21,14.5,14,12,2
Pat Riley,1982-83,37,LAL,82,58,24,17.0,15,8,7
Pat Riley,1983-84,38,LAL,82,54,28,13.0,21,14,7
Pat Riley,1984-85,39,LAL,82,62,20,21.0,19,15,4
Pat Riley,1985-86,40,LAL,82,62,20,21.0,14,8,6
Pat Riley,1986-87,41,LAL,82,65,17,24.0,18,15,3
Pat Riley,1987-88,42,LAL,82,62,20,21.0,24,15,9
Pat Riley,1988-89,43,LAL,82,57,25,16.0,15,11,4
Pat Riley,1989-90,44,LAL,82,63,19,22.0,9,4,5
Pat Riley,1991-92,46,NYK,82,51,31,10.0,12,6,6
Pat Riley,1992-93,47,NYK,82,60,22,19.0,15,9,6
Pat Riley,1993-94,48,NYK,82,57,25,16.0,25,14,11
Pat Riley,1994-95,49,NYK,82,55,27,14.0,11,6,5
Pat Riley,1995-96,50,MIA,82,42,40,1.0,3,0,3
Pat Riley,1996-97,51,MIA,82,61,21,20.0,17,8,9
Pat Riley,1997-98,52,MIA,82,55,27,14.0,5,2,3
Pat Riley,1998-99,53,MIA,50,33,17,8.0,5,2,3
Pat Riley,1999-00,54,MIA,82,52,30,11.0,10,6,4
Pat Riley,2000-01,55,MIA,82,50,32,9.0,3,0,3
Pat Riley,2001-02,56,MIA,82,36,46,-5.0,"","",""
Pat Riley,2002-03,57,MIA,82,25,57,-16.0,"","",""
Pat Riley,2005-06,60,MIA,61,41,20,10.5,23,16,7
Pat Riley,2006-07,61,MIA,82,44,38,3.0,4,0,4
Pat Riley,2007-08,62,MIA,82,15,67,-26.0,"","",""
Doc Rivers,1999-00,38,ORL,82,41,41,0.0,"","",""
Doc Rivers,2000-01,39,ORL,82,43,39,2.0,4,1,3
Doc Rivers,2001-02,40,ORL,82,44,38,3.0,4,1,3
Doc Rivers,2002-03,41,ORL,82,42,40,1.0,7,3,4
Doc Rivers,2003-04,42,ORL,11,1,10,-4.5,"","",""
Doc Rivers,2004-05,43,BOS,82,45,37,4.0,7,3,4
Doc Rivers,2005-06,44,BOS,82,33,49,-8.0,"","",""
Doc Rivers,2006-07,45,BOS,82,24,58,-17.0,"","",""
Doc Rivers,2007-08,46,BOS,82,66,16,25.0,26,16,10
Doc Rivers,2008-09,47,BOS,82,62,20,21.0,14,7,7
Doc Rivers,2009-10,48,BOS,82,50,32,9.0,24,15,9
Doc Rivers,2010-11,49,BOS,82,56,26,15.0,9,5,4
Doc Rivers,2011-12,50,BOS,66,39,27,6.0,20,11,9
Doc Rivers,2012-13,51,BOS,81,41,40,0.5,6,2,4
Doc Rivers,2013-14,52,LAC,82,57,25,16.0,13,6,7
Doc Rivers,2014-15,53,LAC,82,56,26,15.0,14,7,7
Doc Rivers,2015-16,54,LAC,82,53,29,12.0,6,2,4
Scotty Robertson,1974-75,44,NOJ,15,1,14,-6.5,"","",""
Scotty Robertson,1978-79,48,CHI,26,11,15,-2.0,"","",""
Scotty Robertson,1980-81,50,DET,82,21,61,-20.0,"","",""
Scotty Robertson,1981-82,51,DET,82,39,43,-2.0,"","",""
Scotty Robertson,1982-83,52,DET,82,37,45,-4.0,"","",""
Red Rocha,1957-58,34,DET,47,24,23,0.5,7,3,4
Red Rocha,1958-59,35,DET,72,28,44,-8.0,3,1,2
Red Rocha,1959-60,36,DET,34,13,21,-4.0,"","",""
Jimmy Rodgers,1988-89,"",BOS,82,42,40,1.0,3,0,3
Jimmy Rodgers,1989-90,"",BOS,82,52,30,11.0,5,2,3
Jimmy Rodgers,1991-92,"",MIN,82,15,67,-26.0,"","",""
Jimmy Rodgers,1992-93,"",MIN,29,6,23,-8.5,"","",""
Ron Rothstein,1988-89,"",MIA,82,15,67,-26.0,"","",""
Ron Rothstein,1989-90,"",MIA,82,18,64,-23.0,"","",""
Ron Rothstein,1990-91,"",MIA,82,24,58,-17.0,"","",""
Ron Rothstein,1992-93,"",DET,82,40,42,-1.0,"","",""
Roy Rubin,1972-73,47,PHI,51,4,47,-21.5,"","",""
Bill Russell,1966-67,32,BOS,81,60,21,19.5,9,4,5
Bill Russell,1967-68,33,BOS,82,54,28,13.0,19,12,7
Bill Russell,1968-69,34,BOS,82,48,34,7.0,18,12,6
Bill Russell,1973-74,39,SEA,82,36,46,-5.0,"","",""
Bill Russell,1974-75,40,SEA,82,43,39,2.0,9,4,5
Bill Russell,1975-76,41,SEA,82,43,39,2.0,6,2,4
Bill Russell,1976-77,42,SEA,82,40,42,-1.0,"","",""
Bill Russell,1987-88,53,SAC,58,17,41,-12.0,"","",""
Tom Sanders,1977-78,39,BOS,48,21,27,-3.0,"","",""
Tom Sanders,1978-79,40,BOS,14,2,12,-5.0,"","",""
Flip Saunders,1995-96,40,MIN,62,20,42,-11.0,"","",""
Flip Saunders,1996-97,41,MIN,82,40,42,-1.0,3,0,3
Flip Saunders,1997-98,42,MIN,82,45,37,4.0,5,2,3
Flip Saunders,1998-99,43,MIN,50,25,25,0.0,4,1,3
Flip Saunders,1999-00,44,MIN,82,50,32,9.0,4,1,3
Flip Saunders,2000-01,45,MIN,82,47,35,6.0,4,1,3
Flip Saunders,2001-02,46,MIN,82,50,32,9.0,3,0,3
Flip Saunders,2002-03,47,MIN,82,51,31,10.0,6,2,4
Flip Saunders,2003-04,48,MIN,82,58,24,17.0,18,10,8
Flip Saunders,2004-05,49,MIN,51,25,26,-0.5,"","",""
Flip Saunders,2005-06,50,DET,82,64,18,23.0,18,10,8
Flip Saunders,2006-07,51,DET,82,53,29,12.0,16,10,6
Flip Saunders,2007-08,52,DET,82,59,23,18.0,17,10,7
Flip Saunders,2009-10,54,WAS,82,26,56,-15.0,"","",""
Flip Saunders,2010-11,55,WAS,82,23,59,-18.0,"","",""
Flip Saunders,2011-12,56,WAS,17,2,15,-6.5,"","",""
Flip Saunders,2014-15,59,MIN,82,16,66,-25.0,0,0,0
Herm Schaefer,1951-52,33,INO,66,34,32,1.0,2,0,2
Herm Schaefer,1952-53,34,INO,71,28,43,-7.5,2,0,2
Fred Schaus,1960-61,35,LAL,79,36,43,-3.5,12,6,6
Fred Schaus,1961-62,36,LAL,80,54,26,14.0,13,7,6
Fred Schaus,1962-63,37,LAL,80,53,27,13.0,13,6,7
Fred Schaus,1963-64,38,LAL,80,42,38,2.0,5,2,3
Fred Schaus,1964-65,39,LAL,80,49,31,9.0,11,5,6
Fred Schaus,1965-66,40,LAL,80,45,35,5.0,14,7,7
Fred Schaus,1966-67,41,LAL,81,36,45,-4.5,3,0,3
Dolph Schayes,1963-64,35,PHI,80,34,46,-6.0,5,2,3
Dolph Schayes,1964-65,36,PHI,80,40,40,0.0,11,6,5
Dolph Schayes,1965-66,37,PHI,80,55,25,15.0,5,1,4
Dolph Schayes,1970-71,42,BUF,82,22,60,-19.0,"","",""
Dolph Schayes,1971-72,43,BUF,1,0,1,-0.5,"","",""
Mike Schuler,1986-87,46,POR,82,49,33,8.0,4,1,3
Mike Schuler,1987-88,47,POR,82,53,29,12.0,4,1,3
Mike Schuler,1988-89,48,POR,47,25,22,1.5,"","",""
Mike Schuler,1990-91,50,LAC,82,31,51,-10.0,"","",""
Mike Schuler,1991-92,51,LAC,45,21,24,-1.5,"","",""
Howie Schultz,1949-50,"",AND,35,21,14,3.5,"","",""
Fred Scolari,1951-52,29,BLB,39,12,27,-7.5,"","",""
Byron Scott,2000-01,39,NJN,82,26,56,-15.0,"","",""
Byron Scott,2001-02,40,NJN,82,52,30,11.0,20,11,9
Byron Scott,2002-03,41,NJN,82,49,33,8.0,20,14,6
Byron Scott,2003-04,42,NJN,42,22,20,1.0,"","",""
Byron Scott,2004-05,43,NOH,82,18,64,-23.0,"","",""
Byron Scott,2005-06,44,NOK,82,38,44,-3.0,"","",""
Byron Scott,2006-07,45,NOK,82,39,43,-2.0,"","",""
Byron Scott,2007-08,46,NOH,82,56,26,15.0,12,7,5
Byron Scott,2008-09,47,NOH,82,49,33,8.0,5,1,4
Byron Scott,2009-10,48,NOH,9,3,6,-1.5,"","",""
Byron Scott,2010-11,49,CLE,82,19,63,-22.0,"","",""
Byron Scott,2011-12,50,CLE,66,21,45,-12.0,0,0,0
Byron Scott,2012-13,51,CLE,82,24,58,-17.0,0,0,0
Byron Scott,2014-15,53,LAL,82,21,61,-20.0,0,0,0
Byron Scott,2015-16,54,LAL,82,17,65,-24.0,0,0,0
Ray Scott,1972-73,34,DET,75,38,37,0.5,"","",""
Ray Scott,1973-74,35,DET,82,52,30,11.0,7,3,4
Ray Scott,1974-75,36,DET,82,40,42,-1.0,3,1,2
Ray Scott,1975-76,37,DET,42,17,25,-4.0,"","",""
George Senesky,1955-56,33,PHW,72,45,27,9.0,10,7,3
George Senesky,1956-57,34,PHW,72,37,35,1.0,2,0,2
George Senesky,1957-58,35,PHW,72,37,35,1.0,8,3,5
Paul Seymour,1956-57,29,SYR,60,34,26,4.0,5,2,3
Paul Seymour,1957-58,30,SYR,72,41,31,5.0,3,1,2
Paul Seymour,1958-59,31,SYR,72,35,37,-1.0,9,5,4
Paul Seymour,1959-60,32,SYR,75,45,30,7.5,3,1,2
Paul Seymour,1960-61,33,STL,79,51,28,11.5,12,5,7
Paul Seymour,1961-62,34,STL,14,5,9,-2.0,"","",""
Paul Seymour,1965-66,38,BAL,80,38,42,-2.0,3,0,3
Paul Seymour,1968-69,41,DET,60,22,38,-8.0,"","",""
Bill Sharman,1966-67,40,SFW,81,44,37,3.5,15,9,6
Bill Sharman,1967-68,41,SFW,82,43,39,2.0,10,4,6
Bill Sharman,1971-72,45,LAL,82,69,13,28.0,15,12,3
Bill Sharman,1972-73,46,LAL,82,60,22,19.0,17,9,8
Bill Sharman,1973-74,47,LAL,82,47,35,6.0,5,1,4
Bill Sharman,1974-75,48,LAL,82,30,52,-11.0,"","",""
Bill Sharman,1975-76,49,LAL,82,40,42,-1.0,"","",""
Brian Shaw,2013-14,47,DEN,82,36,46,-5.0,0,0,0
Brian Shaw,2014-15,48,DEN,59,20,39,-9.5,0,0,0
Charley Shipp,1949-50,36,WAT,35,8,27,-9.5,"","",""
Gene Shue,1966-67,35,BAL,56,16,40,-12.0,"","",""
Gene Shue,1967-68,36,BAL,82,36,46,-5.0,"","",""
Gene Shue,1968-69,37,BAL,82,57,25,16.0,4,0,4
Gene Shue,1969-70,38,BAL,82,50,32,9.0,7,3,4
Gene Shue,1970-71,39,BAL,82,42,40,1.0,18,8,10
Gene Shue,1971-72,40,BAL,82,38,44,-3.0,6,2,4
Gene Shue,1972-73,41,BAL,82,52,30,11.0,5,1,4
Gene Shue,1973-74,42,PHI,82,25,57,-16.0,"","",""
Gene Shue,1974-75,43,PHI,82,34,48,-7.0,"","",""
Gene Shue,1975-76,44,PHI,82,46,36,5.0,3,1,2
Gene Shue,1976-77,45,PHI,82,50,32,9.0,19,10,9
Gene Shue,1977-78,46,PHI,6,2,4,-1.0,"","",""
Gene Shue,1978-79,47,SDC,82,43,39,2.0,"","",""
Gene Shue,1979-80,48,SDC,82,35,47,-6.0,"","",""
Gene Shue,1980-81,49,WSB,82,39,43,-2.0,"","",""
Gene Shue,1981-82,50,WSB,82,43,39,2.0,7,3,4
Gene Shue,1982-83,51,WSB,82,42,40,1.0,"","",""
Gene Shue,1983-84,52,WSB,82,35,47,-6.0,4,1,3
Gene Shue,1984-85,53,WSB,82,40,42,-1.0,4,1,3
Gene Shue,1985-86,54,WSB,69,32,37,-2.5,"","",""
Gene Shue,1987-88,56,LAC,82,17,65,-24.0,"","",""
Gene Shue,1988-89,57,LAC,38,10,28,-9.0,"","",""
Paul Silas,1980-81,37,SDC,82,36,46,-5.0,"","",""
Paul Silas,1981-82,38,SDC,82,17,65,-24.0,"","",""
Paul Silas,1982-83,39,SDC,82,25,57,-16.0,"","",""
Paul Silas,1998-99,55,CHH,35,22,13,4.5,"","",""
Paul Silas,1999-00,56,CHH,82,49,33,8.0,4,1,3
Paul Silas,2000-01,57,CHH,82,46,36,5.0,10,6,4
Paul Silas,2001-02,58,CHH,82,44,38,3.0,9,4,5
Paul Silas,2002-03,59,NOH,82,47,35,6.0,6,2,4
Paul Silas,2003-04,60,CLE,82,35,47,-6.0,"","",""
Paul Silas,2004-05,61,CLE,64,34,30,2.0,"","",""
Paul Silas,2010-11,67,CHA,54,25,29,-2.0,"","",""
Paul Silas,2011-12,68,CHA,66,7,59,-26.0,0,0,0
Scott Skiles,1999-00,35,PHO,62,40,22,9.0,9,4,5
Scott Skiles,2000-01,36,PHO,82,51,31,10.0,4,1,3
Scott Skiles,2001-02,37,PHO,51,25,26,-0.5,"","",""
Scott Skiles,2003-04,39,CHI,66,19,47,-14.0,"","",""
Scott Skiles,2004-05,40,CHI,82,47,35,6.0,6,2,4
Scott Skiles,2005-06,41,CHI,82,41,41,0.0,6,2,4
Scott Skiles,2006-07,42,CHI,82,49,33,8.0,10,6,4
Scott Skiles,2007-08,43,CHI,25,9,16,-3.5,"","",""
Scott Skiles,2008-09,44,MIL,82,34,48,-7.0,"","",""
Scott Skiles,2009-10,45,MIL,82,46,36,5.0,7,3,4
Scott Skiles,2010-11,46,MIL,82,35,47,-6.0,"","",""
Scott Skiles,2011-12,47,MIL,66,31,35,-2.0,0,0,0
Scott Skiles,2012-13,48,MIL,32,16,16,0.0,"","",""
Scott Skiles,2015-16,51,ORL,82,35,47,-6.0,0,0,0
Jerry Sloan,1979-80,37,CHI,82,30,52,-11.0,"","",""
Jerry Sloan,1980-81,38,CHI,82,45,37,4.0,6,2,4
Jerry Sloan,1981-82,39,CHI,51,19,32,-6.5,"","",""
Jerry Sloan,1988-89,46,UTA,65,40,25,7.5,3,0,3
Jerry Sloan,1989-90,47,UTA,82,55,27,14.0,5,2,3
Jerry Sloan,1990-91,48,UTA,82,54,28,13.0,9,4,5
Jerry Sloan,1991-92,49,UTA,82,55,27,14.0,16,9,7
Jerry Sloan,1992-93,50,UTA,82,47,35,6.0,5,2,3
Jerry Sloan,1993-94,51,UTA,82,53,29,12.0,16,8,8
Jerry Sloan,1994-95,52,UTA,82,60,22,19.0,5,2,3
Jerry Sloan,1995-96,53,UTA,82,55,27,14.0,18,10,8
Jerry Sloan,1996-97,54,UTA,82,64,18,23.0,20,13,7
Jerry Sloan,1997-98,55,UTA,82,62,20,21.0,20,13,7
Jerry Sloan,1998-99,56,UTA,50,37,13,12.0,11,5,6
Jerry Sloan,1999-00,57,UTA,82,55,27,14.0,10,4,6
Jerry Sloan,2000-01,58,UTA,82,53,29,12.0,5,2,3
Jerry Sloan,2001-02,59,UTA,82,44,38,3.0,4,1,3
Jerry Sloan,2002-03,60,UTA,82,47,35,6.0,5,1,4
Jerry Sloan,2003-04,61,UTA,82,42,40,1.0,"","",""
Jerry Sloan,2004-05,62,UTA,82,26,56,-15.0,"","",""
Jerry Sloan,2005-06,63,UTA,82,41,41,0.0,"","",""
Jerry Sloan,2006-07,64,UTA,82,51,31,10.0,17,9,8
Jerry Sloan,2007-08,65,UTA,82,54,28,13.0,12,6,6
Jerry Sloan,2008-09,66,UTA,82,48,34,7.0,5,1,4
Jerry Sloan,2009-10,67,UTA,82,53,29,12.0,10,4,6
Jerry Sloan,2010-11,68,UTA,54,31,23,4.0,"","",""
Keith Smart,2002-03,38,CLE,40,9,31,-11.0,"","",""
Keith Smart,2010-11,46,GSW,82,36,46,-5.0,"","",""
Keith Smart,2011-12,47,SAC,59,20,39,-9.5,0,0,0
Keith Smart,2012-13,48,SAC,82,28,54,-13.0,0,0,0
Jack Smiley,1949-50,27,WAT,27,11,16,-2.5,"","",""
Quin Snyder,2014-15,48,UTA,82,38,44,-3.0,0,0,0
Quin Snyder,2015-16,49,UTA,82,40,42,-1.0,0,0,0
Erik Spoelstra,2008-09,38,MIA,82,43,39,2.0,7,3,4
Erik Spoelstra,2009-10,39,MIA,82,47,35,6.0,5,1,4
Erik Spoelstra,2010-11,40,MIA,82,58,24,17.0,21,14,7
Erik Spoelstra,2011-12,41,MIA,66,46,20,13.0,23,16,7
Erik Spoelstra,2012-13,42,MIA,82,66,16,25.0,23,16,7
Erik Spoelstra,2013-14,43,MIA,82,54,28,13.0,20,13,7
Erik Spoelstra,2014-15,44,MIA,82,37,45,-4.0,0,0,0
Erik Spoelstra,2015-16,45,MIA,82,48,34,7.0,8,5,3
Garry St. Jean,1992-93,"",SAC,82,25,57,-16.0,"","",""
Garry St. Jean,1993-94,"",SAC,82,28,54,-13.0,"","",""
Garry St. Jean,1994-95,"",SAC,82,39,43,-2.0,"","",""
Garry St. Jean,1995-96,"",SAC,82,39,43,-2.0,4,1,3
Garry St. Jean,1996-97,"",SAC,67,28,39,-5.5,"","",""
Garry St. Jean,1999-00,"",GSW,55,13,42,-14.5,"","",""
Bob Staak,1996-97,"",WSB,1,0,1,-0.5,"","",""
Larry Staverman,1977-78,41,KCK,45,18,27,-4.5,"","",""
Brad Stevens,2013-14,37,BOS,82,25,57,-16.0,0,0,0
Brad Stevens,2014-15,38,BOS,82,40,42,-1.0,4,0,4
Brad Stevens,2015-16,39,BOS,82,48,34,7.0,6,2,4
Terry Stotts,2002-03,45,ATL,55,24,31,-3.5,"","",""
Terry Stotts,2003-04,46,ATL,82,28,54,-13.0,"","",""
Terry Stotts,2005-06,48,MIL,82,40,42,-1.0,5,1,4
Terry Stotts,2006-07,49,MIL,64,23,41,-9.0,"","",""
Terry Stotts,2012-13,55,POR,82,33,49,-8.0,0,0,0
Terry Stotts,2013-14,56,POR,82,54,28,13.0,11,5,6
Terry Stotts,2014-15,57,POR,82,51,31,10.0,5,1,4
Terry Stotts,2015-16,58,POR,82,44,38,3.0,8,4,4
Ken Suesens,1949-50,33,SHE,62,22,40,-9.0,3,1,2
Ed Tapscott,2008-09,"",WAS,71,18,53,-17.5,"","",""
Jerry Tarkanian,1992-93,62,SAS,20,9,11,-1.0,"","",""
Reggie Theus,2007-08,50,SAC,82,38,44,-3.0,"","",""
Reggie Theus,2008-09,51,SAC,24,6,18,-6.0,"","",""
Tom Thibodeau,2010-11,53,CHI,82,62,20,21.0,16,9,7
Tom Thibodeau,2011-12,54,CHI,66,50,16,17.0,6,2,4
Tom Thibodeau,2012-13,55,CHI,82,45,37,4.0,12,5,7
Tom Thibodeau,2013-14,56,CHI,82,48,34,7.0,5,1,4
Tom Thibodeau,2014-15,57,CHI,82,50,32,9.0,12,6,6
Isiah Thomas,2000-01,39,IND,82,41,41,0.0,4,1,3
Isiah Thomas,2001-02,40,IND,82,42,40,1.0,5,2,3
Isiah Thomas,2002-03,41,IND,82,48,34,7.0,6,2,4
Isiah Thomas,2006-07,45,NYK,82,33,49,-8.0,"","",""
Isiah Thomas,2007-08,46,NYK,82,23,59,-18.0,"","",""
Rod Thorn,1981-82,40,CHI,30,15,15,0.0,"","",""
Jim Todd,1999-00,"",LAC,37,4,33,-14.5,"","",""
Rolland Todd,1970-71,"",POR,82,29,53,-12.0,"","",""
Rolland Todd,1971-72,"",POR,56,12,44,-16.0,"","",""
Mike Todorovich,1950-51,27,TRI,42,14,28,-7.0,"","",""
Rudy Tomjanovich,1991-92,43,HOU,30,16,14,1.0,"","",""
Rudy Tomjanovich,1992-93,44,HOU,82,55,27,14.0,12,6,6
Rudy Tomjanovich,1993-94,45,HOU,82,58,24,17.0,23,15,8
Rudy Tomjanovich,1994-95,46,HOU,82,47,35,6.0,22,15,7
Rudy Tomjanovich,1995-96,47,HOU,82,48,34,7.0,8,3,5
Rudy Tomjanovich,1996-97,48,HOU,82,57,25,16.0,16,9,7
Rudy Tomjanovich,1997-98,49,HOU,82,41,41,0.0,5,2,3
Rudy Tomjanovich,1998-99,50,HOU,50,31,19,6.0,4,1,3
Rudy Tomjanovich,1999-00,51,HOU,82,34,48,-7.0,"","",""
Rudy Tomjanovich,2000-01,52,HOU,82,45,37,4.0,"","",""
Rudy Tomjanovich,2001-02,53,HOU,82,28,54,-13.0,"","",""
Rudy Tomjanovich,2002-03,54,HOU,82,43,39,2.0,"","",""
Rudy Tomjanovich,2004-05,56,LAL,43,24,19,2.5,"","",""
Gene Tormohlen,1975-76,38,ATL,8,1,7,-3.0,"","",""
Jay Triano,2008-09,"",TOR,65,25,40,-7.5,"","",""
Jay Triano,2009-10,"",TOR,82,40,42,-1.0,"","",""
Jay Triano,2010-11,"",TOR,82,22,60,-19.0,"","",""
Wes Unseld,1987-88,41,WSB,55,30,25,2.5,5,2,3
Wes Unseld,1988-89,42,WSB,82,40,42,-1.0,"","",""
Wes Unseld,1989-90,43,WSB,82,31,51,-10.0,"","",""
Wes Unseld,1990-91,44,WSB,82,30,52,-11.0,"","",""
Wes Unseld,1991-92,45,WSB,82,25,57,-16.0,"","",""
Wes Unseld,1992-93,46,WSB,82,22,60,-19.0,"","",""
Wes Unseld,1993-94,47,WSB,82,24,58,-17.0,"","",""
Dick Van Arsdale,1986-87,43,PHO,26,14,12,1.0,"","",""
Butch Van Breda Kolff,1967-68,45,LAL,82,52,30,11.0,15,10,5
Butch Van Breda Kolff,1968-69,46,LAL,82,55,27,14.0,18,11,7
Butch Van Breda Kolff,1969-70,47,DET,82,31,51,-10.0,"","",""
Butch Van Breda Kolff,1970-71,48,DET,82,45,37,4.0,"","",""
Butch Van Breda Kolff,1971-72,49,DET,10,6,4,1.0,"","",""
Butch Van Breda Kolff,1972-73,50,PHO,7,3,4,-0.5,"","",""
Butch Van Breda Kolff,1974-75,52,NOJ,66,22,44,-11.0,"","",""
Butch Van Breda Kolff,1975-76,53,NOJ,82,38,44,-3.0,"","",""
Butch Van Breda Kolff,1976-77,54,NOJ,26,14,12,1.0,"","",""
Jeff Van Gundy,1995-96,34,NYK,23,13,10,1.5,8,4,4
Jeff Van Gundy,1996-97,35,NYK,82,57,25,16.0,10,6,4
Jeff Van Gundy,1997-98,36,NYK,82,43,39,2.0,10,4,6
Jeff Van Gundy,1998-99,37,NYK,50,27,23,2.0,20,12,8
Jeff Van Gundy,1999-00,38,NYK,82,50,32,9.0,16,9,7
Jeff Van Gundy,2000-01,39,NYK,82,48,34,7.0,5,2,3
Jeff Van Gundy,2001-02,40,NYK,19,10,9,0.5,"","",""
Jeff Van Gundy,2003-04,42,HOU,82,45,37,4.0,5,1,4
Jeff Van Gundy,2004-05,43,HOU,82,51,31,10.0,7,3,4
Jeff Van Gundy,2005-06,44,HOU,82,34,48,-7.0,"","",""
Jeff Van Gundy,2006-07,45,HOU,82,52,30,11.0,7,3,4
Stan Van Gundy,2003-04,44,MIA,82,42,40,1.0,13,6,7
Stan Van Gundy,2004-05,45,MIA,82,59,23,18.0,15,11,4
Stan Van Gundy,2005-06,46,MIA,21,11,10,0.5,"","",""
Stan Van Gundy,2007-08,48,ORL,82,52,30,11.0,10,5,5
Stan Van Gundy,2008-09,49,ORL,82,59,23,18.0,24,13,11
Stan Van Gundy,2009-10,50,ORL,82,59,23,18.0,14,10,4
Stan Van Gundy,2010-11,51,ORL,82,52,30,11.0,6,2,4
Stan Van Gundy,2011-12,52,ORL,66,37,29,4.0,5,1,4
Stan Van Gundy,2014-15,55,DET,82,32,50,-9.0,0,0,0
Stan Van Gundy,2015-16,56,DET,82,44,38,3.0,4,0,4
Kiki Vandeweghe,2009-10,51,NJN,64,12,52,-20.0,"","",""
Jacque Vaughn,2012-13,37,ORL,82,20,62,-21.0,0,0,0
Jacque Vaughn,2013-14,38,ORL,82,23,59,-18.0,0,0,0
Jacque Vaughn,2014-15,39,ORL,52,15,37,-11.0,0,0,0
Dick Versace,1988-89,"",IND,53,22,31,-4.5,"","",""
Dick Versace,1989-90,"",IND,82,42,40,1.0,3,0,3
Dick Versace,1990-91,"",IND,25,9,16,-3.5,"","",""
Sam Vincent,2007-08,44,CHA,82,32,50,-9.0,"","",""
Dick Vitale,1978-79,39,DET,82,30,52,-11.0,"","",""
Dick Vitale,1979-80,40,DET,12,4,8,-2.0,"","",""
Frank Vogel,2010-11,37,IND,38,20,18,1.0,5,1,4
Frank Vogel,2011-12,38,IND,66,42,24,9.0,11,6,5
Frank Vogel,2012-13,39,IND,81,49,32,8.5,19,11,8
Frank Vogel,2013-14,40,IND,82,56,26,15.0,19,10,9
Frank Vogel,2014-15,41,IND,82,38,44,-3.0,0,0,0
Frank Vogel,2015-16,42,IND,82,45,37,4.0,7,3,4
Darrell Walker,1996-97,35,TOR,82,30,52,-11.0,"","",""
Darrell Walker,1997-98,36,TOR,49,11,38,-13.5,"","",""
Darrell Walker,1999-00,38,WAS,38,15,23,-4.0,"","",""
Donnie Walsh,1978-79,37,DEN,29,19,10,4.5,3,1,2
Donnie Walsh,1979-80,38,DEN,82,30,52,-11.0,"","",""
Donnie Walsh,1980-81,39,DEN,31,11,20,-4.5,"","",""
Bobby Wanzer,1955-56,34,ROC,72,31,41,-5.0,"","",""
Bobby Wanzer,1956-57,35,ROC,72,31,41,-5.0,"","",""
Bobby Wanzer,1957-58,36,CIN,72,33,39,-3.0,2,0,2
Bobby Wanzer,1958-59,37,CIN,18,3,15,-6.0,"","",""
Earl Watson,2015-16,36,PHO,33,9,24,-7.5,0,0,0
Bob Weiss,1986-87,44,SAS,82,28,54,-13.0,"","",""
Bob Weiss,1987-88,45,SAS,82,31,51,-10.0,3,0,3
Bob Weiss,1990-91,48,ATL,82,43,39,2.0,5,2,3
Bob Weiss,1991-92,49,ATL,82,38,44,-3.0,"","",""
Bob Weiss,1992-93,50,ATL,82,43,39,2.0,3,0,3
Bob Weiss,1993-94,51,LAC,82,27,55,-14.0,"","",""
Bob Weiss,2005-06,63,SEA,30,13,17,-2.0,"","",""
Jerry West,1976-77,38,LAL,82,53,29,12.0,11,4,7
Jerry West,1977-78,39,LAL,82,45,37,4.0,3,1,2
Jerry West,1978-79,40,LAL,82,47,35,6.0,8,3,5
Paul Westhead,1979-80,40,LAL,68,50,18,16.0,16,12,4
Paul Westhead,1980-81,41,LAL,82,54,28,13.0,3,1,2
Paul Westhead,1981-82,42,LAL,11,7,4,1.5,"","",""
Paul Westhead,1982-83,43,CHI,82,28,54,-13.0,"","",""
Paul Westhead,1990-91,51,DEN,82,20,62,-21.0,"","",""
Paul Westhead,1991-92,52,DEN,82,24,58,-17.0,"","",""
Paul Westphal,1992-93,42,PHO,82,62,20,21.0,24,13,11
Paul Westphal,1993-94,43,PHO,82,56,26,15.0,10,6,4
Paul Westphal,1994-95,44,PHO,82,59,23,18.0,10,6,4
Paul Westphal,1995-96,45,PHO,33,14,19,-2.5,"","",""
Paul Westphal,1998-99,48,SEA,50,25,25,0.0,"","",""
Paul Westphal,1999-00,49,SEA,82,45,37,4.0,5,2,3
Paul Westphal,2000-01,50,SEA,15,6,9,-1.5,"","",""
Paul Westphal,2009-10,59,SAC,82,25,57,-16.0,"","",""
Paul Westphal,2010-11,60,SAC,82,24,58,-17.0,"","",""
Paul Westphal,2011-12,61,SAC,7,2,5,-1.5,"","",""
John Wetzel,1987-88,43,PHO,82,28,54,-13.0,"","",""
Lenny Wilkens,1969-70,32,SEA,82,36,46,-5.0,"","",""
Lenny Wilkens,1970-71,33,SEA,82,38,44,-3.0,"","",""
Lenny Wilkens,1971-72,34,SEA,82,47,35,6.0,"","",""
Lenny Wilkens,1974-75,37,POR,82,38,44,-3.0,"","",""
Lenny Wilkens,1975-76,38,POR,82,37,45,-4.0,"","",""
Lenny Wilkens,1977-78,40,SEA,60,42,18,12.0,22,13,9
Lenny Wilkens,1978-79,41,SEA,82,52,30,11.0,17,12,5
Lenny Wilkens,1979-80,42,SEA,82,56,26,15.0,15,7,8
Lenny Wilkens,1980-81,43,SEA,82,34,48,-7.0,"","",""
Lenny Wilkens,1981-82,44,SEA,82,52,30,11.0,8,3,5
Lenny Wilkens,1982-83,45,SEA,82,48,34,7.0,2,0,2
Lenny Wilkens,1983-84,46,SEA,82,42,40,1.0,5,2,3
Lenny Wilkens,1984-85,47,SEA,82,31,51,-10.0,"","",""
Lenny Wilkens,1986-87,49,CLE,82,31,51,-10.0,"","",""
Lenny Wilkens,1987-88,50,CLE,82,42,40,1.0,5,2,3
Lenny Wilkens,1988-89,51,CLE,82,57,25,16.0,5,2,3
Lenny Wilkens,1989-90,52,CLE,82,42,40,1.0,5,2,3
Lenny Wilkens,1990-91,53,CLE,82,33,49,-8.0,"","",""
Lenny Wilkens,1991-92,54,CLE,82,57,25,16.0,17,9,8
Lenny Wilkens,1992-93,55,CLE,82,54,28,13.0,9,3,6
Lenny Wilkens,1993-94,56,ATL,82,57,25,16.0,11,5,6
Lenny Wilkens,1994-95,57,ATL,82,42,40,1.0,3,0,3
Lenny Wilkens,1995-96,58,ATL,82,46,36,5.0,10,4,6
Lenny Wilkens,1996-97,59,ATL,82,56,26,15.0,10,4,6
Lenny Wilkens,1997-98,60,ATL,82,50,32,9.0,4,1,3
Lenny Wilkens,1998-99,61,ATL,50,31,19,6.0,9,3,6
Lenny Wilkens,1999-00,62,ATL,82,28,54,-13.0,"","",""
Lenny Wilkens,2000-01,63,TOR,82,47,35,6.0,12,6,6
Lenny Wilkens,2001-02,64,TOR,82,42,40,1.0,5,2,3
Lenny Wilkens,2002-03,65,TOR,82,24,58,-17.0,"","",""
Lenny Wilkens,2003-04,66,NYK,42,23,19,2.0,4,0,4
Lenny Wilkens,2004-05,67,NYK,39,17,22,-2.5,"","",""
Herb Williams,2004-05,46,NYK,43,16,27,-5.5,"","",""
Monty Williams,2010-11,39,NOH,82,46,36,5.0,6,2,4
Monty Williams,2011-12,40,NOH,66,21,45,-12.0,0,0,0
Monty Williams,2012-13,41,NOH,82,27,55,-14.0,0,0,0
Monty Williams,2013-14,42,NOP,82,34,48,-7.0,0,0,0
Monty Williams,2014-15,43,NOP,82,45,37,4.0,4,0,4
Tex Winter,1971-72,"",HOU,82,34,48,-7.0,"","",""
Tex Winter,1972-73,"",HOU,47,17,30,-6.5,"","",""
Brian Winters,1995-96,43,VAN,82,15,67,-26.0,"","",""
Brian Winters,1996-97,44,VAN,43,8,35,-13.5,"","",""
Brian Winters,2001-02,49,GSW,59,13,46,-16.5,"","",""
Randy Wittman,1999-00,40,CLE,82,32,50,-9.0,"","",""
Randy Wittman,2000-01,41,CLE,82,30,52,-11.0,"","",""
Randy Wittman,2006-07,47,MIN,42,12,30,-9.0,"","",""
Randy Wittman,2007-08,48,MIN,82,22,60,-19.0,"","",""
Randy Wittman,2008-09,49,MIN,19,4,15,-5.5,"","",""
Randy Wittman,2011-12,52,WAS,49,18,31,-6.5,0,0,0
Randy Wittman,2012-13,53,WAS,82,29,53,-12.0,0,0,0
Randy Wittman,2013-14,54,WAS,82,44,38,3.0,11,6,5
Randy Wittman,2014-15,55,WAS,82,46,36,5.0,10,6,4
Randy Wittman,2015-16,56,WAS,82,41,41,0.0,0,0,0
Dave Wohl,1985-86,36,NJN,82,39,43,-2.0,3,0,3
Dave Wohl,1986-87,37,NJN,82,24,58,-17.0,"","",""
Dave Wohl,1987-88,38,NJN,15,2,13,-5.5,"","",""
Charles Wolf,1960-61,"",CIN,79,33,46,-6.5,"","",""
Charles Wolf,1961-62,"",CIN,80,43,37,3.0,4,1,3
Charles Wolf,1962-63,"",CIN,80,42,38,2.0,12,6,6
Charles Wolf,1963-64,"",DET,80,23,57,-17.0,"","",""
Charles Wolf,1964-65,"",DET,11,2,9,-3.5,"","",""
Mike Woodson,2004-05,46,ATL,82,13,69,-28.0,"","",""
Mike Woodson,2005-06,47,ATL,82,26,56,-15.0,"","",""
Mike Woodson,2006-07,48,ATL,82,30,52,-11.0,"","",""
Mike Woodson,2007-08,49,ATL,82,37,45,-4.0,7,3,4
Mike Woodson,2008-09,50,ATL,82,47,35,6.0,11,4,7
Mike Woodson,2009-10,51,ATL,82,53,29,12.0,11,4,7
Mike Woodson,2011-12,53,NYK,24,18,6,6.0,5,1,4
Mike Woodson,2012-13,54,NYK,82,54,28,13.0,12,6,6
Mike Woodson,2013-14,55,NYK,82,37,45,-4.0,0,0,0
Draff Young,1973-74,"",KCO,4,0,4,-2.0,"","",""
